文件名,答题序号,用户ID,用户昵称,提交时间,省份,Q1,Q2,Q3,Q4,Q5,Q6,Q7,Q8,Q9,Q10,Q11,Q12,Q13,Q14,Q15,Q16
答卷_1.docx,未知,未知,未知,未知,未知,2005-2009年,1500元以下,几乎不喝,知道部分,完全认同，感到自豪,学习门槛高（如复杂仪式、专业术语）; 缺乏便捷的体验机会,自己日常饮用; 送礼(如给长辈、朋友),聚会/社交场合,不确定，视具体产品和心情而定,联名潮牌的限量版茶礼盒(价格中等，兼具文化与潮流),茶味零食(如茶味巧克力、薯片); 茶主题数字藏品(NFT); 可食用茶粉(直接冲饮或烹饪),可能会尝试,非常愿意，觉得很有意义,将茶器设计成潮玩手办; 用茶文化故事制作动画/漫画; 开发茶文化主题游戏或数字体验; 举办融合现代艺术的茶主题展览/快闪,可以尝试，但更关注里面茶叶的品质,偶尔这么想，但主要还是因为好喝或习惯
答卷_10.docx,未知,未知,未知,未知,未知,2005-2009年,1500元以下,几乎不喝,知道部分,完全认同，感到自豪,学习门槛高（如复杂仪式、专业术语）; 缺乏便捷的体验机会; 感觉与现代生活脱节; 缺乏有趣的内容和传播方式; 父母/老师等长辈未主动引导,自己日常饮用; 送礼(如给长辈、朋友); 社交分享（如拍照打卡）; 缓解压力/提神,聚会/社交场合,不确定，视具体产品和心情而定,手工制作的古法茶饼（价格高，文化附加值高),茶味零食(如茶味巧克力、薯片); 茶香护肤品（如面膜、香薰); 茶主题数字藏品(NFT); 可食用茶粉(直接冲饮或烹饪),一定会，很感兴趣,非常愿意，觉得很有意义,将茶器设计成潮玩手办; 用茶文化故事制作动画/漫画; 开发茶文化主题游戏或数字体验,可以尝试，但更关注里面茶叶的品质,是的，有意识地为健康(如提神、解腻、放松）而喝茶
答卷_100.docx,未知,未知,未知,未知,未知,2005-2009年,3001-5000元,偶尔喝（每周1-2次）,知道部分,完全认同，感到自豪,缺乏便捷的体验机会,自己日常饮用; 缓解压力/提神,学习/工作时需要提神,优先选择高品质产品，愿意为此支付更高价格,机器生产的便携茶包（价格低，方便快捷),茶味零食(如茶味巧克力、薯片),一定会，很感兴趣,非常愿意，觉得很有意义,开发茶文化主题游戏或数字体验; 举办融合现代艺术的茶主题展览/快闪,非常感兴趣，愿意尝试购买,是的，有意识地为健康(如提神、解腻、放松）而喝茶
答卷_101.docx,未知,未知,未知,未知,未知,2005-2009年,1500-3000元,经常喝(每周3次及以上),知道部分,完全认同，感到自豪,学习门槛高（如复杂仪式、专业术语）; 父母/老师等长辈未主动引导,自己日常饮用; 送礼(如给长辈、朋友); 社交分享（如拍照打卡）,学习/工作时需要提神,优先选择高品质产品，愿意为此支付更高价格,无明显偏好,茶味零食(如茶味巧克力、薯片),一定会，很感兴趣,非常愿意，觉得很有意义,将茶器设计成潮玩手办; 开发茶文化主题游戏或数字体验,非常感兴趣，愿意尝试购买,是的，有意识地为健康(如提神、解腻、放松）而喝茶
答卷_102.docx,未知,未知,未知,未知,未知,2005-2009年,1500-3000元,经常喝(每周3次及以上),知道部分,完全认同，感到自豪,缺乏便捷的体验机会; 缺乏有趣的内容和传播方式,自己日常饮用; 社交分享（如拍照打卡）; 缓解压力/提神,学习/工作时需要提神,不确定，视具体产品和心情而定,机器生产的便携茶包（价格低，方便快捷),茶味零食(如茶味巧克力、薯片); 茶香护肤品（如面膜、香薰); 茶主题数字藏品(NFT); 可食用茶粉(直接冲饮或烹饪),一定会，很感兴趣,非常愿意，觉得很有意义,将茶器设计成潮玩手办; 用茶文化故事制作动画/漫画; 开发茶文化主题游戏或数字体验; 举办融合现代艺术的茶主题展览/快闪,非常感兴趣，愿意尝试购买,是的，有意识地为健康(如提神、解腻、放松）而喝茶
答卷_103.docx,未知,未知,未知,未知,未知,2005-2009年,1500-3000元,经常喝(每周3次及以上),知道部分,部分认同，但认为需要与时俱进,缺乏便捷的体验机会; 缺乏有趣的内容和传播方式,自己日常饮用; 送礼(如给长辈、朋友); 缓解压力/提神,学习/工作时需要提神,不确定，视具体产品和心情而定,手工制作的古法茶饼（价格高，文化附加值高),茶味零食(如茶味巧克力、薯片); 可食用茶粉(直接冲饮或烹饪),不感兴趣,不太愿意，觉得对方可能不感兴趣,将茶器设计成潮玩手办; 用茶文化故事制作动画/漫画; 开发茶文化主题游戏或数字体验; 举办融合现代艺术的茶主题展览/快闪,非常感兴趣，愿意尝试购买,偶尔这么想，但主要还是因为好喝或习惯
答卷_104.docx,未知,未知,未知,未知,未知,2005-2009年,1500-3000元,偶尔喝（每周1-2次）,完全知道并能区分,部分认同，但认为需要与时俱进,缺乏便捷的体验机会,送礼(如给长辈、朋友),学习/工作时需要提神,优先选择高品质产品，愿意为此支付更高价格,手工制作的古法茶饼（价格高，文化附加值高),可食用茶粉(直接冲饮或烹饪),可能会尝试,愿意，但仅限熟悉或感兴趣的人,开发茶文化主题游戏或数字体验,非常感兴趣，愿意尝试购买,是的，有意识地为健康(如提神、解腻、放松）而喝茶
答卷_105.docx,未知,未知,未知,未知,未知,2005-2009年,1500-3000元,偶尔喝（每周1-2次）,知道部分,部分认同，但认为需要与时俱进,缺乏便捷的体验机会,自己日常饮用; 送礼(如给长辈、朋友); 缓解压力/提神,学习/工作时需要提神,不确定，视具体产品和心情而定,联名潮牌的限量版茶礼盒(价格中等，兼具文化与潮流),茶香护肤品（如面膜、香薰),可能会尝试,不太愿意，觉得对方可能不感兴趣,用茶文化故事制作动画/漫画,可以尝试，但更关注里面茶叶的品质,偶尔这么想，但主要还是因为好喝或习惯
答卷_106.docx,未知,未知,未知,未知,未知,2005-2009年,1500-3000元,偶尔喝（每周1-2次）,知道部分,完全认同，感到自豪,学习门槛高（如复杂仪式、专业术语）; 缺乏便捷的体验机会,自己日常饮用; 送礼(如给长辈、朋友),看到促销活动或内容“种草”,不确定，视具体产品和心情而定,无明显偏好,茶味零食(如茶味巧克力、薯片); 茶香护肤品（如面膜、香薰),一定会，很感兴趣,不太愿意，觉得对方可能不感兴趣,将茶器设计成潮玩手办; 开发茶文化主题游戏或数字体验; 举办融合现代艺术的茶主题展览/快闪,非常感兴趣，愿意尝试购买,是的，有意识地为健康(如提神、解腻、放松）而喝茶
答卷_107.docx,未知,未知,未知,未知,未知,2005-2009年,1500-3000元,偶尔喝（每周1-2次）,知道部分,完全认同，感到自豪,学习门槛高（如复杂仪式、专业术语）; 缺乏便捷的体验机会,自己日常饮用; 送礼(如给长辈、朋友),看到促销活动或内容“种草”,不确定，视具体产品和心情而定,无明显偏好,茶味零食(如茶味巧克力、薯片); 茶香护肤品（如面膜、香薰),一定会，很感兴趣,不太愿意，觉得对方可能不感兴趣,将茶器设计成潮玩手办; 开发茶文化主题游戏或数字体验; 举办融合现代艺术的茶主题展览/快闪,非常感兴趣，愿意尝试购买,是的，有意识地为健康(如提神、解腻、放松）而喝茶
答卷_108.docx,未知,未知,未知,未知,未知,2005-2009年,1500-3000元,经常喝(每周3次及以上),知道部分,完全认同，感到自豪,缺乏有趣的内容和传播方式,自己日常饮用; 社交分享（如拍照打卡）; 缓解压力/提神,学习/工作时需要提神,优先选择高品质产品，愿意为此支付更高价格,手工制作的古法茶饼（价格高，文化附加值高),茶香护肤品（如面膜、香薰); 茶主题数字藏品(NFT),一定会，很感兴趣,非常愿意，觉得很有意义,将茶器设计成潮玩手办; 用茶文化故事制作动画/漫画; 开发茶文化主题游戏或数字体验; 举办融合现代艺术的茶主题展览/快闪,非常感兴趣，愿意尝试购买,是的，有意识地为健康(如提神、解腻、放松）而喝茶
答卷_109.docx,未知,未知,未知,未知,未知,2005-2009年,1500元以下,几乎不喝,完全不知道,完全认同，感到自豪,学习门槛高（如复杂仪式、专业术语）; 缺乏便捷的体验机会; 感觉与现代生活脱节; 缺乏有趣的内容和传播方式; 父母/老师等长辈未主动引导,追求潮流/跟风,看到促销活动或内容“种草”,优先选择高品质产品，愿意为此支付更高价格,手工制作的古法茶饼（价格高，文化附加值高),茶味零食(如茶味巧克力、薯片),一定会，很感兴趣,非常愿意，觉得很有意义,将茶器设计成潮玩手办,非常感兴趣，愿意尝试购买,是的，有意识地为健康(如提神、解腻、放松）而喝茶
答卷_11.docx,未知,未知,未知,未知,未知,2005-2009年,1500-3000元,偶尔喝（每周1-2次）,知道部分,完全认同，感到自豪,缺乏便捷的体验机会; 缺乏有趣的内容和传播方式,自己日常饮用; 缓解压力/提神,学习/工作时需要提神,不确定，视具体产品和心情而定,无明显偏好,茶香护肤品（如面膜、香薰),觉得没必要,非常愿意，觉得很有意义,将茶器设计成潮玩手办; 开发茶文化主题游戏或数字体验; 举办融合现代艺术的茶主题展览/快闪,可以尝试，但更关注里面茶叶的品质,偶尔这么想，但主要还是因为好喝或习惯
答卷_110.docx,未知,未知,未知,未知,未知,2005-2009年,1500-3000元,偶尔喝（每周1-2次）,完全知道并能区分,完全认同，感到自豪,缺乏便捷的体验机会; 感觉与现代生活脱节; 缺乏有趣的内容和传播方式,自己日常饮用; 送礼(如给长辈、朋友); 缓解压力/提神,学习/工作时需要提神,优先选择高品质产品，愿意为此支付更高价格,无明显偏好,茶味零食(如茶味巧克力、薯片); 茶香护肤品（如面膜、香薰); 可食用茶粉(直接冲饮或烹饪),可能会尝试,非常愿意，觉得很有意义,用茶文化故事制作动画/漫画; 开发茶文化主题游戏或数字体验; 举办融合现代艺术的茶主题展览/快闪,非常感兴趣，愿意尝试购买,是的，有意识地为健康(如提神、解腻、放松）而喝茶
答卷_111.docx,未知,未知,未知,未知,未知,2005-2009年,1500-3000元,经常喝(每周3次及以上),知道部分,完全认同，感到自豪,学习门槛高（如复杂仪式、专业术语）; 缺乏便捷的体验机会; 感觉与现代生活脱节; 缺乏有趣的内容和传播方式; 父母/老师等长辈未主动引导,自己日常饮用; 缓解压力/提神,学习/工作时需要提神,不确定，视具体产品和心情而定,手工制作的古法茶饼（价格高，文化附加值高),茶味零食(如茶味巧克力、薯片); 茶香护肤品（如面膜、香薰); 茶主题数字藏品(NFT),可能会尝试,非常愿意，觉得很有意义,将茶器设计成潮玩手办; 用茶文化故事制作动画/漫画; 开发茶文化主题游戏或数字体验; 举办融合现代艺术的茶主题展览/快闪,非常感兴趣，愿意尝试购买,是的，有意识地为健康(如提神、解腻、放松）而喝茶
答卷_112.docx,未知,未知,未知,未知,未知,2005-2009年,1500-3000元,偶尔喝（每周1-2次）,知道部分,完全认同，感到自豪,学习门槛高（如复杂仪式、专业术语）; 缺乏便捷的体验机会; 感觉与现代生活脱节; 缺乏有趣的内容和传播方式; 父母/老师等长辈未主动引导,自己日常饮用; 送礼(如给长辈、朋友); 社交分享（如拍照打卡）; 缓解压力/提神; 追求潮流/跟风,学习/工作时需要提神,优先选择高品质产品，愿意为此支付更高价格,手工制作的古法茶饼（价格高，文化附加值高),茶味零食(如茶味巧克力、薯片),可能会尝试,非常愿意，觉得很有意义,将茶器设计成潮玩手办; 用茶文化故事制作动画/漫画; 开发茶文化主题游戏或数字体验; 举办融合现代艺术的茶主题展览/快闪,非常感兴趣，愿意尝试购买,是的，有意识地为健康(如提神、解腻、放松）而喝茶
答卷_113.docx,未知,未知,未知,未知,未知,2005-2009年,1500-3000元,偶尔喝（每周1-2次）,知道部分,完全认同，感到自豪,学习门槛高（如复杂仪式、专业术语）; 缺乏便捷的体验机会; 感觉与现代生活脱节; 缺乏有趣的内容和传播方式; 父母/老师等长辈未主动引导,自己日常饮用; 送礼(如给长辈、朋友); 社交分享（如拍照打卡）; 缓解压力/提神; 追求潮流/跟风,学习/工作时需要提神,优先选择高品质产品，愿意为此支付更高价格,手工制作的古法茶饼（价格高，文化附加值高),茶味零食(如茶味巧克力、薯片),可能会尝试,非常愿意，觉得很有意义,将茶器设计成潮玩手办; 用茶文化故事制作动画/漫画; 开发茶文化主题游戏或数字体验; 举办融合现代艺术的茶主题展览/快闪,非常感兴趣，愿意尝试购买,是的，有意识地为健康(如提神、解腻、放松）而喝茶
答卷_114.docx,未知,未知,未知,未知,未知,2005-2009年,3001-5000元,偶尔喝（每周1-2次）,完全知道并能区分,完全认同，感到自豪,学习门槛高（如复杂仪式、专业术语）,送礼(如给长辈、朋友),运动后补水,优先选择低价产品，可以牺牲部分品质,手工制作的古法茶饼（价格高，文化附加值高),茶味零食(如茶味巧克力、薯片); 茶香护肤品（如面膜、香薰),可能会尝试,愿意，但仅限熟悉或感兴趣的人,将茶器设计成潮玩手办; 用茶文化故事制作动画/漫画,非常感兴趣，愿意尝试购买,是的，有意识地为健康(如提神、解腻、放松）而喝茶
答卷_115.docx,未知,未知,未知,未知,未知,2005-2009年,5000元以上,几乎不喝,知道部分,部分认同，但认为需要与时俱进,缺乏便捷的体验机会,社交分享（如拍照打卡）; 缓解压力/提神,节日/纪念日,优先选择高品质产品，愿意为此支付更高价格,手工制作的古法茶饼（价格高，文化附加值高),茶主题数字藏品(NFT),可能会尝试,不太愿意，觉得对方可能不感兴趣,用茶文化故事制作动画/漫画,可以尝试，但更关注里面茶叶的品质,是的，有意识地为健康(如提神、解腻、放松）而喝茶
答卷_116.docx,未知,未知,未知,未知,未知,2005-2009年,1500-3000元,偶尔喝（每周1-2次）,完全不知道,完全认同，感到自豪,缺乏便捷的体验机会; 缺乏有趣的内容和传播方式,自己日常饮用,学习/工作时需要提神,不确定，视具体产品和心情而定,无明显偏好,茶味零食(如茶味巧克力、薯片); 茶香护肤品（如面膜、香薰),一定会，很感兴趣,非常愿意，觉得很有意义,将茶器设计成潮玩手办,可以尝试，但更关注里面茶叶的品质,是的，有意识地为健康(如提神、解腻、放松）而喝茶
答卷_117.docx,未知,未知,未知,未知,未知,2005-2009年,1500元以下,几乎不喝,完全不知道,完全认同，感到自豪,学习门槛高（如复杂仪式、专业术语）,自己日常饮用,学习/工作时需要提神,优先选择高品质产品，愿意为此支付更高价格,手工制作的古法茶饼（价格高，文化附加值高),茶味零食(如茶味巧克力、薯片),一定会，很感兴趣,非常愿意，觉得很有意义,将茶器设计成潮玩手办,非常感兴趣，愿意尝试购买,是的，有意识地为健康(如提神、解腻、放松）而喝茶
答卷_118.docx,未知,未知,未知,未知,未知,2005-2009年,1500-3000元,偶尔喝（每周1-2次）,知道部分,部分认同，但认为需要与时俱进,感觉与现代生活脱节; 缺乏有趣的内容和传播方式,送礼(如给长辈、朋友); 社交分享（如拍照打卡）,节日/纪念日,优先选择高品质产品，愿意为此支付更高价格,机器生产的便携茶包（价格低，方便快捷),茶香护肤品（如面膜、香薰); 茶主题数字藏品(NFT),一定会，很感兴趣,愿意，但仅限熟悉或感兴趣的人,开发茶文化主题游戏或数字体验; 举办融合现代艺术的茶主题展览/快闪,可以尝试，但更关注里面茶叶的品质,偶尔这么想，但主要还是因为好喝或习惯
答卷_119.docx,未知,未知,未知,未知,未知,2005-2009年,1500-3000元,偶尔喝（每周1-2次）,完全知道并能区分,完全认同，感到自豪,学习门槛高（如复杂仪式、专业术语）; 缺乏便捷的体验机会; 缺乏有趣的内容和传播方式,送礼(如给长辈、朋友); 缓解压力/提神,学习/工作时需要提神,不确定，视具体产品和心情而定,无明显偏好,茶味零食(如茶味巧克力、薯片); 茶香护肤品（如面膜、香薰); 可食用茶粉(直接冲饮或烹饪),一定会，很感兴趣,非常愿意，觉得很有意义,将茶器设计成潮玩手办; 用茶文化故事制作动画/漫画; 开发茶文化主题游戏或数字体验; 举办融合现代艺术的茶主题展览/快闪,可以尝试，但更关注里面茶叶的品质,偶尔这么想，但主要还是因为好喝或习惯
答卷_12.docx,未知,未知,未知,未知,未知,2005-2009年,1500-3000元,经常喝(每周3次及以上),完全知道并能区分,完全认同，感到自豪,学习门槛高（如复杂仪式、专业术语）,送礼(如给长辈、朋友),运动后补水,优先选择低价产品，可以牺牲部分品质,联名潮牌的限量版茶礼盒(价格中等，兼具文化与潮流),茶味零食(如茶味巧克力、薯片),可能会尝试,不太愿意，觉得对方可能不感兴趣,用茶文化故事制作动画/漫画,反感，认为破坏了茶文化的严肃性,不会，喝茶和养生在我这里关联不大
答卷_120.docx,未知,未知,未知,未知,未知,2005-2009年,1500-3000元,偶尔喝（每周1-2次）,完全知道并能区分,不太认同，觉得其他文化更代表中国,缺乏便捷的体验机会; 感觉与现代生活脱节; 缺乏有趣的内容和传播方式,送礼(如给长辈、朋友); 社交分享（如拍照打卡）; 追求潮流/跟风,学习/工作时需要提神,优先选择高品质产品，愿意为此支付更高价格,机器生产的便携茶包（价格低，方便快捷),茶香护肤品（如面膜、香薰); 茶主题数字藏品(NFT),一定会，很感兴趣,非常愿意，觉得很有意义,将茶器设计成潮玩手办; 用茶文化故事制作动画/漫画; 开发茶文化主题游戏或数字体验,可以尝试，但更关注里面茶叶的品质,是的，有意识地为健康(如提神、解腻、放松）而喝茶
答卷_121.docx,未知,未知,未知,未知,未知,2005-2009年,1500-3000元,几乎不喝,知道部分,完全认同，感到自豪,学习门槛高（如复杂仪式、专业术语）,自己日常饮用; 缓解压力/提神,学习/工作时需要提神,不确定，视具体产品和心情而定,手工制作的古法茶饼（价格高，文化附加值高),茶味零食(如茶味巧克力、薯片); 茶主题数字藏品(NFT),一定会，很感兴趣,愿意，但仅限熟悉或感兴趣的人,将茶器设计成潮玩手办; 用茶文化故事制作动画/漫画,非常感兴趣，愿意尝试购买,是的，有意识地为健康(如提神、解腻、放松）而喝茶
答卷_122.docx,未知,未知,未知,未知,未知,2005-2009年,1500-3000元,几乎不喝,完全不知道,完全认同，感到自豪,学习门槛高（如复杂仪式、专业术语）; 缺乏便捷的体验机会; 感觉与现代生活脱节,送礼(如给长辈、朋友),节日/纪念日,不确定，视具体产品和心情而定,无明显偏好,可食用茶粉(直接冲饮或烹饪),不感兴趣,不太愿意，觉得对方可能不感兴趣,举办融合现代艺术的茶主题展览/快闪,不感兴趣，觉得是噱头,偶尔这么想，但主要还是因为好喝或习惯
答卷_123.docx,未知,未知,未知,未知,未知,2005-2009年,5000元以上,经常喝(每周3次及以上),完全知道并能区分,完全认同，感到自豪,学习门槛高（如复杂仪式、专业术语）,自己日常饮用,学习/工作时需要提神,优先选择高品质产品，愿意为此支付更高价格,手工制作的古法茶饼（价格高，文化附加值高),茶味零食(如茶味巧克力、薯片); 茶香护肤品（如面膜、香薰),一定会，很感兴趣,非常愿意，觉得很有意义,将茶器设计成潮玩手办,非常感兴趣，愿意尝试购买,是的，有意识地为健康(如提神、解腻、放松）而喝茶
答卷_124.docx,未知,未知,未知,未知,未知,2005-2009年,1500-3000元,偶尔喝（每周1-2次）,知道部分,完全认同，感到自豪,学习门槛高（如复杂仪式、专业术语）; 感觉与现代生活脱节,自己日常饮用; 送礼(如给长辈、朋友),节日/纪念日,优先选择低价产品，可以牺牲部分品质,机器生产的便携茶包（价格低，方便快捷),茶香护肤品（如面膜、香薰),可能会尝试,非常愿意，觉得很有意义,用茶文化故事制作动画/漫画,非常感兴趣，愿意尝试购买,是的，有意识地为健康(如提神、解腻、放松）而喝茶
答卷_125.docx,未知,未知,未知,未知,未知,2005-2009年,1500元以下,偶尔喝（每周1-2次）,完全不知道,不太认同，觉得其他文化更代表中国,缺乏便捷的体验机会,送礼(如给长辈、朋友); 缓解压力/提神,学习/工作时需要提神,不确定，视具体产品和心情而定,联名潮牌的限量版茶礼盒(价格中等，兼具文化与潮流),茶主题数字藏品(NFT),可能会尝试,愿意，但仅限熟悉或感兴趣的人,用茶文化故事制作动画/漫画,可以尝试，但更关注里面茶叶的品质,偶尔这么想，但主要还是因为好喝或习惯
答卷_126.docx,未知,未知,未知,未知,未知,2000-2004年,1500-3000元,经常喝(每周3次及以上),知道部分,完全认同，感到自豪,学习门槛高（如复杂仪式、专业术语）; 缺乏便捷的体验机会; 感觉与现代生活脱节; 缺乏有趣的内容和传播方式; 父母/老师等长辈未主动引导,自己日常饮用; 送礼(如给长辈、朋友); 社交分享（如拍照打卡）; 缓解压力/提神; 追求潮流/跟风,学习/工作时需要提神,优先选择高品质产品，愿意为此支付更高价格,手工制作的古法茶饼（价格高，文化附加值高),茶味零食(如茶味巧克力、薯片); 茶香护肤品（如面膜、香薰); 茶主题数字藏品(NFT); 可食用茶粉(直接冲饮或烹饪),一定会，很感兴趣,非常愿意，觉得很有意义,将茶器设计成潮玩手办; 用茶文化故事制作动画/漫画; 开发茶文化主题游戏或数字体验; 举办融合现代艺术的茶主题展览/快闪,非常感兴趣，愿意尝试购买,是的，有意识地为健康(如提神、解腻、放松）而喝茶
答卷_127.docx,未知,未知,未知,未知,未知,2005-2009年,1500元以下,偶尔喝（每周1-2次）,知道部分,完全认同，感到自豪,学习门槛高（如复杂仪式、专业术语）; 缺乏便捷的体验机会; 感觉与现代生活脱节,缓解压力/提神,聚会/社交场合,优先选择低价产品，可以牺牲部分品质,手工制作的古法茶饼（价格高，文化附加值高),茶味零食(如茶味巧克力、薯片); 茶香护肤品（如面膜、香薰); 茶主题数字藏品(NFT),一定会，很感兴趣,愿意，但仅限熟悉或感兴趣的人,将茶器设计成潮玩手办; 用茶文化故事制作动画/漫画; 开发茶文化主题游戏或数字体验; 举办融合现代艺术的茶主题展览/快闪,可以尝试，但更关注里面茶叶的品质,是的，有意识地为健康(如提神、解腻、放松）而喝茶
答卷_128.docx,未知,未知,未知,未知,未知,2005-2009年,1500元以下,经常喝(每周3次及以上),知道部分,完全认同，感到自豪,学习门槛高（如复杂仪式、专业术语）; 缺乏便捷的体验机会; 缺乏有趣的内容和传播方式,自己日常饮用; 缓解压力/提神,学习/工作时需要提神,不确定，视具体产品和心情而定,无明显偏好,其他,可能会尝试,愿意，但仅限熟悉或感兴趣的人,开发茶文化主题游戏或数字体验; 举办融合现代艺术的茶主题展览/快闪,可以尝试，但更关注里面茶叶的品质,偶尔这么想，但主要还是因为好喝或习惯
答卷_129.docx,未知,未知,未知,未知,未知,2005-2009年,1500-3000元,几乎不喝,完全不知道,部分认同，但认为需要与时俱进,缺乏便捷的体验机会; 感觉与现代生活脱节; 缺乏有趣的内容和传播方式,送礼(如给长辈、朋友),学习/工作时需要提神,优先选择低价产品，可以牺牲部分品质,机器生产的便携茶包（价格低，方便快捷),茶香护肤品（如面膜、香薰); 可食用茶粉(直接冲饮或烹饪),一定会，很感兴趣,愿意，但仅限熟悉或感兴趣的人,用茶文化故事制作动画/漫画; 开发茶文化主题游戏或数字体验,可以尝试，但更关注里面茶叶的品质,是的，有意识地为健康(如提神、解腻、放松）而喝茶
答卷_13.docx,未知,未知,未知,未知,未知,2005-2009年,5000元以上,经常喝(每周3次及以上),完全不知道,完全认同，感到自豪,学习门槛高（如复杂仪式、专业术语）; 缺乏便捷的体验机会; 感觉与现代生活脱节; 缺乏有趣的内容和传播方式; 父母/老师等长辈未主动引导,送礼(如给长辈、朋友),节日/纪念日,不确定，视具体产品和心情而定,联名潮牌的限量版茶礼盒(价格中等，兼具文化与潮流),茶味零食(如茶味巧克力、薯片); 可食用茶粉(直接冲饮或烹饪),一定会，很感兴趣,愿意，但仅限熟悉或感兴趣的人,用茶文化故事制作动画/漫画,不感兴趣，觉得是噱头,偶尔这么想，但主要还是因为好喝或习惯
答卷_130.docx,未知,未知,未知,未知,未知,2005-2009年,1500-3000元,几乎不喝,完全不知道,完全认同，感到自豪,缺乏便捷的体验机会; 感觉与现代生活脱节; 缺乏有趣的内容和传播方式,自己日常饮用; 送礼(如给长辈、朋友),学习/工作时需要提神,优先选择低价产品，可以牺牲部分品质,机器生产的便携茶包（价格低，方便快捷),茶香护肤品（如面膜、香薰),可能会尝试,非常愿意，觉得很有意义,用茶文化故事制作动画/漫画; 开发茶文化主题游戏或数字体验,可以尝试，但更关注里面茶叶的品质,是的，有意识地为健康(如提神、解腻、放松）而喝茶
答卷_131.docx,未知,未知,未知,未知,未知,2005-2009年,1500-3000元,几乎不喝,知道部分,完全认同，感到自豪,学习门槛高（如复杂仪式、专业术语）; 缺乏便捷的体验机会; 感觉与现代生活脱节; 缺乏有趣的内容和传播方式; 父母/老师等长辈未主动引导,自己日常饮用; 送礼(如给长辈、朋友); 社交分享（如拍照打卡）; 缓解压力/提神; 追求潮流/跟风,聚会/社交场合,优先选择高品质产品，愿意为此支付更高价格,联名潮牌的限量版茶礼盒(价格中等，兼具文化与潮流),茶味零食(如茶味巧克力、薯片),可能会尝试,愿意，但仅限熟悉或感兴趣的人,将茶器设计成潮玩手办; 用茶文化故事制作动画/漫画,可以尝试，但更关注里面茶叶的品质,是的，有意识地为健康(如提神、解腻、放松）而喝茶
答卷_132.docx,未知,未知,未知,未知,未知,2005-2009年,1500-3000元,偶尔喝（每周1-2次）,完全不知道,部分认同，但认为需要与时俱进,学习门槛高（如复杂仪式、专业术语）; 缺乏便捷的体验机会; 感觉与现代生活脱节,自己日常饮用; 社交分享（如拍照打卡）,学习/工作时需要提神,优先选择高品质产品，愿意为此支付更高价格,机器生产的便携茶包（价格低，方便快捷),茶味零食(如茶味巧克力、薯片); 茶香护肤品（如面膜、香薰); 可食用茶粉(直接冲饮或烹饪),一定会，很感兴趣,非常愿意，觉得很有意义,用茶文化故事制作动画/漫画; 开发茶文化主题游戏或数字体验,可以尝试，但更关注里面茶叶的品质,是的，有意识地为健康(如提神、解腻、放松）而喝茶
答卷_133.docx,未知,未知,未知,未知,未知,2005-2009年,1500-3000元,经常喝(每周3次及以上),知道部分,完全认同，感到自豪,学习门槛高（如复杂仪式、专业术语）,自己日常饮用,学习/工作时需要提神,优先选择高品质产品，愿意为此支付更高价格,手工制作的古法茶饼（价格高，文化附加值高),茶味零食(如茶味巧克力、薯片),一定会，很感兴趣,非常愿意，觉得很有意义,将茶器设计成潮玩手办,非常感兴趣，愿意尝试购买,是的，有意识地为健康(如提神、解腻、放松）而喝茶
答卷_134.docx,未知,未知,未知,未知,未知,2005-2009年,1500-3000元,偶尔喝（每周1-2次）,完全不知道,部分认同，但认为需要与时俱进,缺乏便捷的体验机会; 缺乏有趣的内容和传播方式; 父母/老师等长辈未主动引导,送礼(如给长辈、朋友); 缓解压力/提神; 追求潮流/跟风,看到促销活动或内容“种草”,优先选择高品质产品，愿意为此支付更高价格,机器生产的便携茶包（价格低，方便快捷),茶主题数字藏品(NFT),可能会尝试,非常愿意，觉得很有意义,用茶文化故事制作动画/漫画; 开发茶文化主题游戏或数字体验; 举办融合现代艺术的茶主题展览/快闪,非常感兴趣，愿意尝试购买,是的，有意识地为健康(如提神、解腻、放松）而喝茶
答卷_135.docx,未知,未知,未知,未知,未知,2005-2009年,1500元以下,几乎不喝,知道部分,部分认同，但认为需要与时俱进,学习门槛高（如复杂仪式、专业术语）; 缺乏便捷的体验机会; 缺乏有趣的内容和传播方式,送礼(如给长辈、朋友),学习/工作时需要提神,不确定，视具体产品和心情而定,无明显偏好,茶味零食(如茶味巧克力、薯片),觉得没必要,完全不愿意,将茶器设计成潮玩手办; 用茶文化故事制作动画/漫画; 开发茶文化主题游戏或数字体验; 举办融合现代艺术的茶主题展览/快闪,不感兴趣，觉得是噱头,不会，喝茶和养生在我这里关联不大
答卷_136.docx,未知,未知,未知,未知,未知,2005-2009年,1500-3000元,几乎不喝,完全知道并能区分,完全认同，感到自豪,学习门槛高（如复杂仪式、专业术语）,自己日常饮用; 送礼(如给长辈、朋友),聚会/社交场合,优先选择高品质产品，愿意为此支付更高价格,联名潮牌的限量版茶礼盒(价格中等，兼具文化与潮流),茶味零食(如茶味巧克力、薯片),一定会，很感兴趣,非常愿意，觉得很有意义,将茶器设计成潮玩手办,非常感兴趣，愿意尝试购买,是的，有意识地为健康(如提神、解腻、放松）而喝茶
答卷_137.docx,未知,未知,未知,未知,未知,2005-2009年,1500元以下,偶尔喝（每周1-2次）,知道部分,部分认同，但认为需要与时俱进,学习门槛高（如复杂仪式、专业术语）; 缺乏有趣的内容和传播方式; 父母/老师等长辈未主动引导,送礼(如给长辈、朋友); 缓解压力/提神,节日/纪念日,不确定，视具体产品和心情而定,联名潮牌的限量版茶礼盒(价格中等，兼具文化与潮流),茶味零食(如茶味巧克力、薯片); 茶香护肤品（如面膜、香薰); 可食用茶粉(直接冲饮或烹饪),可能会尝试,愿意，但仅限熟悉或感兴趣的人,将茶器设计成潮玩手办; 开发茶文化主题游戏或数字体验; 举办融合现代艺术的茶主题展览/快闪,可以尝试，但更关注里面茶叶的品质,偶尔这么想，但主要还是因为好喝或习惯
答卷_138.docx,未知,未知,未知,未知,未知,1995-1999年,1500元以下,几乎不喝,完全不知道,无所谓,缺乏有趣的内容和传播方式; 其他,自己日常饮用; 送礼(如给长辈、朋友),学习/工作时需要提神,不确定，视具体产品和心情而定,无明显偏好,可食用茶粉(直接冲饮或烹饪),觉得没必要,完全不愿意,举办融合现代艺术的茶主题展览/快闪,不感兴趣，觉得是噱头,没考虑过这个问题
答卷_139.docx,未知,未知,未知,未知,未知,2005-2009年,1500元以下,经常喝(每周3次及以上),知道部分,完全认同，感到自豪,学习门槛高（如复杂仪式、专业术语）; 缺乏便捷的体验机会; 缺乏有趣的内容和传播方式,自己日常饮用; 送礼(如给长辈、朋友); 社交分享（如拍照打卡）; 缓解压力/提神,看到促销活动或内容“种草”,优先选择低价产品，可以牺牲部分品质,机器生产的便携茶包（价格低，方便快捷),茶味零食(如茶味巧克力、薯片); 茶香护肤品（如面膜、香薰); 可食用茶粉(直接冲饮或烹饪),可能会尝试,愿意，但仅限熟悉或感兴趣的人,将茶器设计成潮玩手办; 用茶文化故事制作动画/漫画; 开发茶文化主题游戏或数字体验; 举办融合现代艺术的茶主题展览/快闪,可以尝试，但更关注里面茶叶的品质,是的，有意识地为健康(如提神、解腻、放松）而喝茶
答卷_14.docx,未知,未知,未知,未知,未知,2005-2009年,1500-3000元,偶尔喝（每周1-2次）,知道部分,完全认同，感到自豪,感觉与现代生活脱节; 缺乏有趣的内容和传播方式,自己日常饮用,学习/工作时需要提神,优先选择低价产品，可以牺牲部分品质,机器生产的便携茶包（价格低，方便快捷),可食用茶粉(直接冲饮或烹饪),可能会尝试,愿意，但仅限熟悉或感兴趣的人,举办融合现代艺术的茶主题展览/快闪,可以尝试，但更关注里面茶叶的品质,偶尔这么想，但主要还是因为好喝或习惯
答卷_140.docx,未知,未知,未知,未知,未知,2010年及以后,1500元以下,偶尔喝（每周1-2次）,知道部分,完全认同，感到自豪,学习门槛高（如复杂仪式、专业术语）; 缺乏便捷的体验机会; 感觉与现代生活脱节,自己日常饮用; 缓解压力/提神,聚会/社交场合,优先选择低价产品，可以牺牲部分品质,手工制作的古法茶饼（价格高，文化附加值高),茶香护肤品（如面膜、香薰); 可食用茶粉(直接冲饮或烹饪),可能会尝试,愿意，但仅限熟悉或感兴趣的人,用茶文化故事制作动画/漫画; 开发茶文化主题游戏或数字体验,可以尝试，但更关注里面茶叶的品质,是的，有意识地为健康(如提神、解腻、放松）而喝茶
答卷_141.docx,未知,未知,未知,未知,未知,2005-2009年,1500-3000元,经常喝(每周3次及以上),知道部分,完全认同，感到自豪,缺乏便捷的体验机会,自己日常饮用,学习/工作时需要提神,不确定，视具体产品和心情而定,机器生产的便携茶包（价格低，方便快捷),茶香护肤品（如面膜、香薰); 茶主题数字藏品(NFT),可能会尝试,愿意，但仅限熟悉或感兴趣的人,用茶文化故事制作动画/漫画; 开发茶文化主题游戏或数字体验; 举办融合现代艺术的茶主题展览/快闪,可以尝试，但更关注里面茶叶的品质,偶尔这么想，但主要还是因为好喝或习惯
答卷_142.docx,未知,未知,未知,未知,未知,2000-2004年,1500元以下,偶尔喝（每周1-2次）,知道部分,部分认同，但认为需要与时俱进,学习门槛高（如复杂仪式、专业术语）; 缺乏有趣的内容和传播方式,自己日常饮用; 送礼(如给长辈、朋友),节日/纪念日,优先选择高品质产品，愿意为此支付更高价格,联名潮牌的限量版茶礼盒(价格中等，兼具文化与潮流),茶香护肤品（如面膜、香薰); 可食用茶粉(直接冲饮或烹饪),一定会，很感兴趣,不太愿意，觉得对方可能不感兴趣,将茶器设计成潮玩手办; 开发茶文化主题游戏或数字体验; 举办融合现代艺术的茶主题展览/快闪,非常感兴趣，愿意尝试购买,偶尔这么想，但主要还是因为好喝或习惯
答卷_143.docx,未知,未知,未知,未知,未知,2005-2009年,1500-3000元,偶尔喝（每周1-2次）,知道部分,完全认同，感到自豪,缺乏便捷的体验机会; 感觉与现代生活脱节,自己日常饮用; 送礼(如给长辈、朋友); 缓解压力/提神,聚会/社交场合,不确定，视具体产品和心情而定,联名潮牌的限量版茶礼盒(价格中等，兼具文化与潮流),茶味零食(如茶味巧克力、薯片); 茶香护肤品（如面膜、香薰),可能会尝试,愿意，但仅限熟悉或感兴趣的人,将茶器设计成潮玩手办; 用茶文化故事制作动画/漫画,非常感兴趣，愿意尝试购买,偶尔这么想，但主要还是因为好喝或习惯
答卷_144.docx,未知,未知,未知,未知,未知,2005-2009年,3001-5000元,经常喝(每周3次及以上),完全知道并能区分,完全认同，感到自豪,缺乏有趣的内容和传播方式,送礼(如给长辈、朋友),聚会/社交场合,优先选择高品质产品，愿意为此支付更高价格,手工制作的古法茶饼（价格高，文化附加值高),茶主题数字藏品(NFT),不感兴趣,不太愿意，觉得对方可能不感兴趣,用茶文化故事制作动画/漫画,不感兴趣，觉得是噱头,没考虑过这个问题
答卷_145.docx,未知,未知,未知,未知,未知,2005-2009年,5000元以上,经常喝(每周3次及以上),完全知道并能区分,完全认同，感到自豪,学习门槛高（如复杂仪式、专业术语）,自己日常饮用; 送礼(如给长辈、朋友); 缓解压力/提神,聚会/社交场合,优先选择高品质产品，愿意为此支付更高价格,手工制作的古法茶饼（价格高，文化附加值高),茶味零食(如茶味巧克力、薯片); 茶主题数字藏品(NFT); 可食用茶粉(直接冲饮或烹饪),可能会尝试,非常愿意，觉得很有意义,开发茶文化主题游戏或数字体验,非常感兴趣，愿意尝试购买,是的，有意识地为健康(如提神、解腻、放松）而喝茶
答卷_146.docx,未知,未知,未知,未知,未知,2005-2009年,5000元以上,几乎不喝,知道部分,完全认同，感到自豪,学习门槛高（如复杂仪式、专业术语）; 父母/老师等长辈未主动引导,自己日常饮用; 送礼(如给长辈、朋友),节日/纪念日,优先选择高品质产品，愿意为此支付更高价格,无明显偏好,可食用茶粉(直接冲饮或烹饪),可能会尝试,愿意，但仅限熟悉或感兴趣的人,将茶器设计成潮玩手办; 用茶文化故事制作动画/漫画,非常感兴趣，愿意尝试购买,是的，有意识地为健康(如提神、解腻、放松）而喝茶
答卷_147.docx,未知,未知,未知,未知,未知,2005-2009年,1500元以下,偶尔喝（每周1-2次）,知道部分,完全认同，感到自豪,学习门槛高（如复杂仪式、专业术语）; 缺乏便捷的体验机会; 感觉与现代生活脱节; 缺乏有趣的内容和传播方式; 父母/老师等长辈未主动引导,自己日常饮用; 送礼(如给长辈、朋友); 社交分享（如拍照打卡）; 缓解压力/提神,学习/工作时需要提神,不确定，视具体产品和心情而定,无明显偏好,茶味零食(如茶味巧克力、薯片); 茶香护肤品（如面膜、香薰); 茶主题数字藏品(NFT); 可食用茶粉(直接冲饮或烹饪),可能会尝试,愿意，但仅限熟悉或感兴趣的人,将茶器设计成潮玩手办; 用茶文化故事制作动画/漫画; 开发茶文化主题游戏或数字体验; 举办融合现代艺术的茶主题展览/快闪,可以尝试，但更关注里面茶叶的品质,是的，有意识地为健康(如提神、解腻、放松）而喝茶
答卷_148.docx,未知,未知,未知,未知,未知,2005-2009年,5000元以上,几乎不喝,知道部分,完全认同，感到自豪,缺乏有趣的内容和传播方式,送礼(如给长辈、朋友),聚会/社交场合,优先选择低价产品，可以牺牲部分品质,机器生产的便携茶包（价格低，方便快捷),茶主题数字藏品(NFT),不感兴趣,不太愿意，觉得对方可能不感兴趣,用茶文化故事制作动画/漫画,不感兴趣，觉得是噱头,不会，喝茶和养生在我这里关联不大
答卷_149.docx,未知,未知,未知,未知,未知,2005-2009年,1500元以下,偶尔喝（每周1-2次）,知道部分,完全认同，感到自豪,学习门槛高（如复杂仪式、专业术语）; 缺乏便捷的体验机会; 感觉与现代生活脱节; 缺乏有趣的内容和传播方式; 父母/老师等长辈未主动引导,自己日常饮用,看到促销活动或内容“种草”,不确定，视具体产品和心情而定,联名潮牌的限量版茶礼盒(价格中等，兼具文化与潮流),可食用茶粉(直接冲饮或烹饪),可能会尝试,愿意，但仅限熟悉或感兴趣的人,用茶文化故事制作动画/漫画; 开发茶文化主题游戏或数字体验,不感兴趣，觉得是噱头,是的，有意识地为健康(如提神、解腻、放松）而喝茶
答卷_15.docx,未知,未知,未知,未知,未知,2005-2009年,1500-3000元,偶尔喝（每周1-2次）,知道部分,完全认同，感到自豪,学习门槛高（如复杂仪式、专业术语）; 缺乏便捷的体验机会; 感觉与现代生活脱节; 缺乏有趣的内容和传播方式,自己日常饮用,学习/工作时需要提神,不确定，视具体产品和心情而定,联名潮牌的限量版茶礼盒(价格中等，兼具文化与潮流),茶主题数字藏品(NFT),可能会尝试,愿意，但仅限熟悉或感兴趣的人,将茶器设计成潮玩手办; 用茶文化故事制作动画/漫画,可以尝试，但更关注里面茶叶的品质,是的，有意识地为健康(如提神、解腻、放松）而喝茶
答卷_150.docx,未知,未知,未知,未知,未知,2005-2009年,1500元以下,几乎不喝,完全不知道,部分认同，但认为需要与时俱进,学习门槛高（如复杂仪式、专业术语）; 缺乏便捷的体验机会; 缺乏有趣的内容和传播方式,自己日常饮用,看到促销活动或内容“种草”,不确定，视具体产品和心情而定,无明显偏好,茶香护肤品（如面膜、香薰); 可食用茶粉(直接冲饮或烹饪),可能会尝试,不太愿意，觉得对方可能不感兴趣,用茶文化故事制作动画/漫画; 开发茶文化主题游戏或数字体验,不感兴趣，觉得是噱头,没考虑过这个问题
答卷_151.docx,未知,未知,未知,未知,未知,2005-2009年,1500元以下,偶尔喝（每周1-2次）,知道部分,完全认同，感到自豪,缺乏有趣的内容和传播方式,送礼(如给长辈、朋友); 缓解压力/提神,学习/工作时需要提神,不确定，视具体产品和心情而定,手工制作的古法茶饼（价格高，文化附加值高),茶主题数字藏品(NFT),可能会尝试,非常愿意，觉得很有意义,将茶器设计成潮玩手办,非常感兴趣，愿意尝试购买,是的，有意识地为健康(如提神、解腻、放松）而喝茶
答卷_152.docx,未知,未知,未知,未知,未知,2005-2009年,1500-3000元,偶尔喝（每周1-2次）,知道部分,部分认同，但认为需要与时俱进,学习门槛高（如复杂仪式、专业术语）,社交分享（如拍照打卡）,学习/工作时需要提神,优先选择高品质产品，愿意为此支付更高价格,手工制作的古法茶饼（价格高，文化附加值高),茶味零食(如茶味巧克力、薯片); 茶香护肤品（如面膜、香薰); 茶主题数字藏品(NFT); 可食用茶粉(直接冲饮或烹饪),可能会尝试,愿意，但仅限熟悉或感兴趣的人,用茶文化故事制作动画/漫画,非常感兴趣，愿意尝试购买,偶尔这么想，但主要还是因为好喝或习惯
答卷_16.docx,未知,未知,未知,未知,未知,1995-1999年,1500-3000元,偶尔喝（每周1-2次）,知道部分,完全认同，感到自豪,其他,自己日常饮用,学习/工作时需要提神,不确定，视具体产品和心情而定,无明显偏好,茶香护肤品（如面膜、香薰); 可食用茶粉(直接冲饮或烹饪),可能会尝试,非常愿意，觉得很有意义,用茶文化故事制作动画/漫画; 开发茶文化主题游戏或数字体验,可以尝试，但更关注里面茶叶的品质,偶尔这么想，但主要还是因为好喝或习惯
答卷_17.docx,未知,未知,未知,未知,未知,2005-2009年,1500元以下,偶尔喝（每周1-2次）,知道部分,完全认同，感到自豪,学习门槛高（如复杂仪式、专业术语）; 父母/老师等长辈未主动引导,自己日常饮用; 缓解压力/提神; 追求潮流/跟风,学习/工作时需要提神,优先选择低价产品，可以牺牲部分品质,机器生产的便携茶包（价格低，方便快捷),茶香护肤品（如面膜、香薰); 茶主题数字藏品(NFT),可能会尝试,不太愿意，觉得对方可能不感兴趣,将茶器设计成潮玩手办; 用茶文化故事制作动画/漫画; 举办融合现代艺术的茶主题展览/快闪,可以尝试，但更关注里面茶叶的品质,是的，有意识地为健康(如提神、解腻、放松）而喝茶
答卷_18.docx,未知,未知,未知,未知,未知,2000-2004年,3001-5000元,偶尔喝（每周1-2次）,知道部分,完全认同，感到自豪,学习门槛高（如复杂仪式、专业术语）; 缺乏便捷的体验机会,自己日常饮用; 送礼(如给长辈、朋友),聚会/社交场合,不确定，视具体产品和心情而定,机器生产的便携茶包（价格低，方便快捷),茶味零食(如茶味巧克力、薯片); 可食用茶粉(直接冲饮或烹饪),可能会尝试,愿意，但仅限熟悉或感兴趣的人,将茶器设计成潮玩手办; 开发茶文化主题游戏或数字体验,可以尝试，但更关注里面茶叶的品质,偶尔这么想，但主要还是因为好喝或习惯
答卷_19.docx,未知,未知,未知,未知,未知,2005-2009年,1500元以下,几乎不喝,完全不知道,部分认同，但认为需要与时俱进,学习门槛高（如复杂仪式、专业术语）,送礼(如给长辈、朋友); 社交分享（如拍照打卡）,节日/纪念日,优先选择高品质产品，愿意为此支付更高价格,机器生产的便携茶包（价格低，方便快捷),茶味零食(如茶味巧克力、薯片); 茶香护肤品（如面膜、香薰),一定会，很感兴趣,非常愿意，觉得很有意义,将茶器设计成潮玩手办; 用茶文化故事制作动画/漫画; 开发茶文化主题游戏或数字体验,可以尝试，但更关注里面茶叶的品质,是的，有意识地为健康(如提神、解腻、放松）而喝茶
答卷_2.docx,未知,未知,未知,未知,未知,2005-2009年,1500元以下,几乎不喝,完全不知道,无所谓,其他,送礼(如给长辈、朋友),聚会/社交场合,不确定，视具体产品和心情而定,无明显偏好,茶味零食(如茶味巧克力、薯片),不感兴趣,不太愿意，觉得对方可能不感兴趣,用茶文化故事制作动画/漫画,反感，认为破坏了茶文化的严肃性,没考虑过这个问题
答卷_20.docx,未知,未知,未知,未知,未知,2005-2009年,1500-3000元,偶尔喝（每周1-2次）,知道部分,不太认同，觉得其他文化更代表中国,学习门槛高（如复杂仪式、专业术语）; 缺乏便捷的体验机会; 感觉与现代生活脱节; 缺乏有趣的内容和传播方式; 父母/老师等长辈未主动引导,自己日常饮用; 送礼(如给长辈、朋友),学习/工作时需要提神,优先选择高品质产品，愿意为此支付更高价格,手工制作的古法茶饼（价格高，文化附加值高),茶味零食(如茶味巧克力、薯片); 茶香护肤品（如面膜、香薰); 茶主题数字藏品(NFT); 可食用茶粉(直接冲饮或烹饪),可能会尝试,愿意，但仅限熟悉或感兴趣的人,将茶器设计成潮玩手办; 用茶文化故事制作动画/漫画; 开发茶文化主题游戏或数字体验; 举办融合现代艺术的茶主题展览/快闪,非常感兴趣，愿意尝试购买,偶尔这么想，但主要还是因为好喝或习惯
答卷_21.docx,未知,未知,未知,未知,未知,2005-2009年,1500-3000元,偶尔喝（每周1-2次）,知道部分,完全认同，感到自豪,缺乏便捷的体验机会; 缺乏有趣的内容和传播方式,自己日常饮用; 送礼(如给长辈、朋友); 缓解压力/提神,学习/工作时需要提神,不确定，视具体产品和心情而定,机器生产的便携茶包（价格低，方便快捷),茶香护肤品（如面膜、香薰),可能会尝试,愿意，但仅限熟悉或感兴趣的人,开发茶文化主题游戏或数字体验,非常感兴趣，愿意尝试购买,是的，有意识地为健康(如提神、解腻、放松）而喝茶
答卷_22.docx,未知,未知,未知,未知,未知,2005-2009年,1500-3000元,经常喝(每周3次及以上),知道部分,完全认同，感到自豪,学习门槛高（如复杂仪式、专业术语）,自己日常饮用; 缓解压力/提神,学习/工作时需要提神,不确定，视具体产品和心情而定,机器生产的便携茶包（价格低，方便快捷),茶主题数字藏品(NFT),可能会尝试,非常愿意，觉得很有意义,将茶器设计成潮玩手办; 开发茶文化主题游戏或数字体验; 举办融合现代艺术的茶主题展览/快闪,非常感兴趣，愿意尝试购买,是的，有意识地为健康(如提神、解腻、放松）而喝茶
答卷_23.docx,未知,未知,未知,未知,未知,2005-2009年,1500元以下,偶尔喝（每周1-2次）,知道部分,部分认同，但认为需要与时俱进,学习门槛高（如复杂仪式、专业术语）; 缺乏有趣的内容和传播方式; 父母/老师等长辈未主动引导,自己日常饮用; 送礼(如给长辈、朋友); 缓解压力/提神,聚会/社交场合,不确定，视具体产品和心情而定,联名潮牌的限量版茶礼盒(价格中等，兼具文化与潮流),茶味零食(如茶味巧克力、薯片); 茶香护肤品（如面膜、香薰),一定会，很感兴趣,非常愿意，觉得很有意义,用茶文化故事制作动画/漫画; 开发茶文化主题游戏或数字体验; 举办融合现代艺术的茶主题展览/快闪,可以尝试，但更关注里面茶叶的品质,是的，有意识地为健康(如提神、解腻、放松）而喝茶
答卷_24.docx,未知,未知,未知,未知,未知,2005-2009年,1500-3000元,偶尔喝（每周1-2次）,完全知道并能区分,完全认同，感到自豪,学习门槛高（如复杂仪式、专业术语）; 缺乏便捷的体验机会,自己日常饮用; 送礼(如给长辈、朋友),聚会/社交场合,优先选择高品质产品，愿意为此支付更高价格,手工制作的古法茶饼（价格高，文化附加值高),茶味零食(如茶味巧克力、薯片),可能会尝试,非常愿意，觉得很有意义,用茶文化故事制作动画/漫画,非常感兴趣，愿意尝试购买,是的，有意识地为健康(如提神、解腻、放松）而喝茶
答卷_25.docx,未知,未知,未知,未知,未知,2005-2009年,1500元以下,偶尔喝（每周1-2次）,知道部分,完全认同，感到自豪,缺乏便捷的体验机会; 父母/老师等长辈未主动引导,自己日常饮用,学习/工作时需要提神,不确定，视具体产品和心情而定,无明显偏好,茶味零食(如茶味巧克力、薯片),可能会尝试,非常愿意，觉得很有意义,将茶器设计成潮玩手办; 开发茶文化主题游戏或数字体验; 举办融合现代艺术的茶主题展览/快闪,非常感兴趣，愿意尝试购买,偶尔这么想，但主要还是因为好喝或习惯
答卷_26.docx,未知,未知,未知,未知,未知,2005-2009年,1500-3000元,偶尔喝（每周1-2次）,知道部分,部分认同，但认为需要与时俱进,缺乏便捷的体验机会; 缺乏有趣的内容和传播方式,自己日常饮用; 送礼(如给长辈、朋友); 缓解压力/提神,学习/工作时需要提神,优先选择低价产品，可以牺牲部分品质,手工制作的古法茶饼（价格高，文化附加值高),茶味零食(如茶味巧克力、薯片); 可食用茶粉(直接冲饮或烹饪),可能会尝试,非常愿意，觉得很有意义,将茶器设计成潮玩手办; 开发茶文化主题游戏或数字体验; 举办融合现代艺术的茶主题展览/快闪,可以尝试，但更关注里面茶叶的品质,是的，有意识地为健康(如提神、解腻、放松）而喝茶
答卷_27.docx,未知,未知,未知,未知,未知,2000-2004年,1500-3000元,经常喝(每周3次及以上),知道部分,部分认同，但认为需要与时俱进,缺乏便捷的体验机会; 缺乏有趣的内容和传播方式,送礼(如给长辈、朋友); 社交分享（如拍照打卡）,运动后补水,不确定，视具体产品和心情而定,机器生产的便携茶包（价格低，方便快捷),茶香护肤品（如面膜、香薰); 茶主题数字藏品(NFT),可能会尝试,愿意，但仅限熟悉或感兴趣的人,用茶文化故事制作动画/漫画; 举办融合现代艺术的茶主题展览/快闪,不感兴趣，觉得是噱头,偶尔这么想，但主要还是因为好喝或习惯
答卷_28.docx,未知,未知,未知,未知,未知,2000-2004年,1500-3000元,经常喝(每周3次及以上),知道部分,部分认同，但认为需要与时俱进,学习门槛高（如复杂仪式、专业术语）; 缺乏有趣的内容和传播方式,自己日常饮用; 送礼(如给长辈、朋友),节日/纪念日,优先选择低价产品，可以牺牲部分品质,机器生产的便携茶包（价格低，方便快捷),茶味零食(如茶味巧克力、薯片),可能会尝试,愿意，但仅限熟悉或感兴趣的人,将茶器设计成潮玩手办; 用茶文化故事制作动画/漫画,可以尝试，但更关注里面茶叶的品质,是的，有意识地为健康(如提神、解腻、放松）而喝茶
答卷_29.docx,未知,未知,未知,未知,未知,2005-2009年,1500-3000元,经常喝(每周3次及以上),知道部分,完全认同，感到自豪,学习门槛高（如复杂仪式、专业术语）; 缺乏便捷的体验机会,自己日常饮用; 送礼(如给长辈、朋友),看到促销活动或内容“种草”,不确定，视具体产品和心情而定,联名潮牌的限量版茶礼盒(价格中等，兼具文化与潮流),茶香护肤品（如面膜、香薰); 可食用茶粉(直接冲饮或烹饪),一定会，很感兴趣,愿意，但仅限熟悉或感兴趣的人,用茶文化故事制作动画/漫画; 开发茶文化主题游戏或数字体验,非常感兴趣，愿意尝试购买,是的，有意识地为健康(如提神、解腻、放松）而喝茶
答卷_3.docx,未知,未知,未知,未知,未知,2005-2009年,1500元以下,经常喝(每周3次及以上),完全知道并能区分,完全认同，感到自豪,学习门槛高（如复杂仪式、专业术语）; 缺乏便捷的体验机会; 缺乏有趣的内容和传播方式,自己日常饮用; 送礼(如给长辈、朋友); 社交分享（如拍照打卡）; 缓解压力/提神,节日/纪念日,优先选择高品质产品，愿意为此支付更高价格,无明显偏好,茶味零食(如茶味巧克力、薯片); 茶香护肤品（如面膜、香薰); 可食用茶粉(直接冲饮或烹饪),可能会尝试,愿意，但仅限熟悉或感兴趣的人,将茶器设计成潮玩手办; 用茶文化故事制作动画/漫画; 开发茶文化主题游戏或数字体验; 举办融合现代艺术的茶主题展览/快闪,可以尝试，但更关注里面茶叶的品质,是的，有意识地为健康(如提神、解腻、放松）而喝茶
答卷_30.docx,未知,未知,未知,未知,未知,1995-1999年,1500元以下,偶尔喝（每周1-2次）,完全不知道,完全认同，感到自豪,缺乏有趣的内容和传播方式,送礼(如给长辈、朋友),聚会/社交场合,优先选择高品质产品，愿意为此支付更高价格,机器生产的便携茶包（价格低，方便快捷),茶味零食(如茶味巧克力、薯片); 茶香护肤品（如面膜、香薰); 茶主题数字藏品(NFT); 可食用茶粉(直接冲饮或烹饪),可能会尝试,愿意，但仅限熟悉或感兴趣的人,将茶器设计成潮玩手办; 用茶文化故事制作动画/漫画; 开发茶文化主题游戏或数字体验; 举办融合现代艺术的茶主题展览/快闪,可以尝试，但更关注里面茶叶的品质,偶尔这么想，但主要还是因为好喝或习惯
答卷_31.docx,未知,未知,未知,未知,未知,2005-2009年,1500-3000元,经常喝(每周3次及以上),知道部分,完全认同，感到自豪,学习门槛高（如复杂仪式、专业术语）; 缺乏便捷的体验机会; 缺乏有趣的内容和传播方式,自己日常饮用,看到促销活动或内容“种草”,不确定，视具体产品和心情而定,无明显偏好,茶味零食(如茶味巧克力、薯片); 茶香护肤品（如面膜、香薰); 可食用茶粉(直接冲饮或烹饪),不感兴趣,愿意，但仅限熟悉或感兴趣的人,用茶文化故事制作动画/漫画; 开发茶文化主题游戏或数字体验; 举办融合现代艺术的茶主题展览/快闪,可以尝试，但更关注里面茶叶的品质,偶尔这么想，但主要还是因为好喝或习惯
答卷_32.docx,未知,未知,未知,未知,未知,2005-2009年,1500元以下,偶尔喝（每周1-2次）,知道部分,完全认同，感到自豪,父母/老师等长辈未主动引导,自己日常饮用; 缓解压力/提神,节日/纪念日,不确定，视具体产品和心情而定,联名潮牌的限量版茶礼盒(价格中等，兼具文化与潮流),茶香护肤品（如面膜、香薰); 可食用茶粉(直接冲饮或烹饪),一定会，很感兴趣,愿意，但仅限熟悉或感兴趣的人,用茶文化故事制作动画/漫画,可以尝试，但更关注里面茶叶的品质,偶尔这么想，但主要还是因为好喝或习惯
答卷_33.docx,未知,未知,未知,未知,未知,1995-1999年,1500元以下,经常喝(每周3次及以上),完全知道并能区分,完全认同，感到自豪,学习门槛高（如复杂仪式、专业术语）; 缺乏便捷的体验机会; 感觉与现代生活脱节; 缺乏有趣的内容和传播方式; 父母/老师等长辈未主动引导,自己日常饮用; 送礼(如给长辈、朋友); 缓解压力/提神,学习/工作时需要提神,不确定，视具体产品和心情而定,机器生产的便携茶包（价格低，方便快捷),茶味零食(如茶味巧克力、薯片); 茶香护肤品（如面膜、香薰); 可食用茶粉(直接冲饮或烹饪),一定会，很感兴趣,非常愿意，觉得很有意义,举办融合现代艺术的茶主题展览/快闪,非常感兴趣，愿意尝试购买,是的，有意识地为健康(如提神、解腻、放松）而喝茶
答卷_34.docx,未知,未知,未知,未知,未知,1995-1999年,1500元以下,经常喝(每周3次及以上),完全知道并能区分,完全认同，感到自豪,学习门槛高（如复杂仪式、专业术语）; 缺乏便捷的体验机会; 感觉与现代生活脱节; 缺乏有趣的内容和传播方式; 父母/老师等长辈未主动引导,自己日常饮用,学习/工作时需要提神,不确定，视具体产品和心情而定,机器生产的便携茶包（价格低，方便快捷),茶味零食(如茶味巧克力、薯片); 茶香护肤品（如面膜、香薰); 茶主题数字藏品(NFT); 可食用茶粉(直接冲饮或烹饪),一定会，很感兴趣,非常愿意，觉得很有意义,将茶器设计成潮玩手办; 用茶文化故事制作动画/漫画; 开发茶文化主题游戏或数字体验; 举办融合现代艺术的茶主题展览/快闪,非常感兴趣，愿意尝试购买,是的，有意识地为健康(如提神、解腻、放松）而喝茶
答卷_35.docx,未知,未知,未知,未知,未知,2005-2009年,1500元以下,偶尔喝（每周1-2次）,知道部分,完全认同，感到自豪,学习门槛高（如复杂仪式、专业术语）; 缺乏便捷的体验机会; 感觉与现代生活脱节; 缺乏有趣的内容和传播方式; 父母/老师等长辈未主动引导,自己日常饮用; 送礼(如给长辈、朋友); 社交分享（如拍照打卡）; 缓解压力/提神,学习/工作时需要提神,优先选择低价产品，可以牺牲部分品质,机器生产的便携茶包（价格低，方便快捷),茶主题数字藏品(NFT); 可食用茶粉(直接冲饮或烹饪),可能会尝试,愿意，但仅限熟悉或感兴趣的人,将茶器设计成潮玩手办; 用茶文化故事制作动画/漫画; 开发茶文化主题游戏或数字体验; 举办融合现代艺术的茶主题展览/快闪,可以尝试，但更关注里面茶叶的品质,偶尔这么想，但主要还是因为好喝或习惯
答卷_36.docx,未知,未知,未知,未知,未知,1995-1999年,1500元以下,经常喝(每周3次及以上),完全知道并能区分,无所谓,感觉与现代生活脱节,其他,学习/工作时需要提神,不确定，视具体产品和心情而定,机器生产的便携茶包（价格低，方便快捷),茶味零食(如茶味巧克力、薯片),可能会尝试,不太愿意，觉得对方可能不感兴趣,开发茶文化主题游戏或数字体验,不感兴趣，觉得是噱头,不会，喝茶和养生在我这里关联不大
答卷_37.docx,未知,未知,未知,未知,未知,2005-2009年,1500元以下,偶尔喝（每周1-2次）,完全不知道,完全认同，感到自豪,其他,自己日常饮用; 送礼(如给长辈、朋友),看到促销活动或内容“种草”,不确定，视具体产品和心情而定,联名潮牌的限量版茶礼盒(价格中等，兼具文化与潮流),茶味零食(如茶味巧克力、薯片); 茶香护肤品（如面膜、香薰),可能会尝试,愿意，但仅限熟悉或感兴趣的人,将茶器设计成潮玩手办; 用茶文化故事制作动画/漫画; 开发茶文化主题游戏或数字体验; 举办融合现代艺术的茶主题展览/快闪,可以尝试，但更关注里面茶叶的品质,是的，有意识地为健康(如提神、解腻、放松）而喝茶
答卷_38.docx,未知,未知,未知,未知,未知,2005-2009年,1500-3000元,偶尔喝（每周1-2次）,知道部分,完全认同，感到自豪,学习门槛高（如复杂仪式、专业术语）; 缺乏便捷的体验机会,自己日常饮用; 送礼(如给长辈、朋友); 社交分享（如拍照打卡）; 缓解压力/提神,聚会/社交场合,不确定，视具体产品和心情而定,无明显偏好,茶香护肤品（如面膜、香薰); 茶主题数字藏品(NFT),可能会尝试,非常愿意，觉得很有意义,将茶器设计成潮玩手办; 用茶文化故事制作动画/漫画; 开发茶文化主题游戏或数字体验; 举办融合现代艺术的茶主题展览/快闪,可以尝试，但更关注里面茶叶的品质,是的，有意识地为健康(如提神、解腻、放松）而喝茶
答卷_39.docx,未知,未知,未知,未知,未知,2005-2009年,1500-3000元,偶尔喝（每周1-2次）,知道部分,完全认同，感到自豪,学习门槛高（如复杂仪式、专业术语）; 缺乏便捷的体验机会; 缺乏有趣的内容和传播方式,自己日常饮用,学习/工作时需要提神,优先选择高品质产品，愿意为此支付更高价格,联名潮牌的限量版茶礼盒(价格中等，兼具文化与潮流),茶味零食(如茶味巧克力、薯片); 茶主题数字藏品(NFT),可能会尝试,愿意，但仅限熟悉或感兴趣的人,将茶器设计成潮玩手办; 用茶文化故事制作动画/漫画; 开发茶文化主题游戏或数字体验; 举办融合现代艺术的茶主题展览/快闪,非常感兴趣，愿意尝试购买,是的，有意识地为健康(如提神、解腻、放松）而喝茶
答卷_4.docx,未知,未知,未知,未知,未知,2000-2004年,1500-3000元,偶尔喝（每周1-2次）,知道部分,无所谓,其他 费钱,自己日常饮用,聚会/社交场合,优先选择低价产品，可以牺牲部分品质,无明显偏好,可食用茶粉(直接冲饮或烹饪),可能会尝试,不太愿意，觉得对方可能不感兴趣,用茶文化故事制作动画/漫画,不感兴趣，觉得是噱头,偶尔这么想，但主要还是因为好喝或习惯
答卷_40.docx,未知,未知,未知,未知,未知,2005-2009年,1500-3000元,经常喝(每周3次及以上),完全不知道,完全认同，感到自豪,学习门槛高（如复杂仪式、专业术语）; 感觉与现代生活脱节; 父母/老师等长辈未主动引导,自己日常饮用,学习/工作时需要提神,优先选择低价产品，可以牺牲部分品质,机器生产的便携茶包（价格低，方便快捷),茶味零食(如茶味巧克力、薯片),可能会尝试,愿意，但仅限熟悉或感兴趣的人,开发茶文化主题游戏或数字体验,可以尝试，但更关注里面茶叶的品质,是的，有意识地为健康(如提神、解腻、放松）而喝茶
答卷_41.docx,未知,未知,未知,未知,未知,2005-2009年,1500-3000元,偶尔喝（每周1-2次）,知道部分,部分认同，但认为需要与时俱进,学习门槛高（如复杂仪式、专业术语）; 缺乏便捷的体验机会,自己日常饮用; 缓解压力/提神,学习/工作时需要提神,不确定，视具体产品和心情而定,无明显偏好,茶味零食(如茶味巧克力、薯片); 茶主题数字藏品(NFT); 可食用茶粉(直接冲饮或烹饪),可能会尝试,愿意，但仅限熟悉或感兴趣的人,开发茶文化主题游戏或数字体验; 举办融合现代艺术的茶主题展览/快闪,可以尝试，但更关注里面茶叶的品质,是的，有意识地为健康(如提神、解腻、放松）而喝茶
答卷_42.docx,未知,未知,未知,未知,未知,2005-2009年,1500元以下,偶尔喝（每周1-2次）,知道部分,完全认同，感到自豪,缺乏有趣的内容和传播方式; 父母/老师等长辈未主动引导,自己日常饮用; 缓解压力/提神,学习/工作时需要提神,优先选择高品质产品，愿意为此支付更高价格,无明显偏好,茶主题数字藏品(NFT),可能会尝试,愿意，但仅限熟悉或感兴趣的人,将茶器设计成潮玩手办; 用茶文化故事制作动画/漫画,可以尝试，但更关注里面茶叶的品质,是的，有意识地为健康(如提神、解腻、放松）而喝茶
答卷_43.docx,未知,未知,未知,未知,未知,2005-2009年,1500元以下,几乎不喝,完全不知道,部分认同，但认为需要与时俱进,学习门槛高（如复杂仪式、专业术语）; 缺乏便捷的体验机会; 感觉与现代生活脱节; 缺乏有趣的内容和传播方式; 父母/老师等长辈未主动引导,自己日常饮用; 送礼(如给长辈、朋友); 社交分享（如拍照打卡）; 缓解压力/提神; 追求潮流/跟风,学习/工作时需要提神,优先选择高品质产品，愿意为此支付更高价格,机器生产的便携茶包（价格低，方便快捷),茶味零食(如茶味巧克力、薯片); 茶香护肤品（如面膜、香薰); 茶主题数字藏品(NFT); 可食用茶粉(直接冲饮或烹饪),一定会，很感兴趣,非常愿意，觉得很有意义,将茶器设计成潮玩手办,非常感兴趣，愿意尝试购买,是的，有意识地为健康(如提神、解腻、放松）而喝茶
答卷_44.docx,未知,未知,未知,未知,未知,2005-2009年,1500-3000元,几乎不喝,完全不知道,完全认同，感到自豪,缺乏有趣的内容和传播方式,送礼(如给长辈、朋友),节日/纪念日,不确定，视具体产品和心情而定,无明显偏好,茶味零食(如茶味巧克力、薯片),不感兴趣,非常愿意，觉得很有意义,将茶器设计成潮玩手办; 用茶文化故事制作动画/漫画; 开发茶文化主题游戏或数字体验; 举办融合现代艺术的茶主题展览/快闪,不感兴趣，觉得是噱头,是的，有意识地为健康(如提神、解腻、放松）而喝茶
答卷_45.docx,未知,未知,未知,未知,未知,2005-2009年,1500-3000元,偶尔喝（每周1-2次）,知道部分,完全认同，感到自豪,学习门槛高（如复杂仪式、专业术语）; 缺乏便捷的体验机会; 缺乏有趣的内容和传播方式,送礼(如给长辈、朋友); 缓解压力/提神,学习/工作时需要提神,不确定，视具体产品和心情而定,联名潮牌的限量版茶礼盒(价格中等，兼具文化与潮流),茶味零食(如茶味巧克力、薯片); 茶主题数字藏品(NFT); 可食用茶粉(直接冲饮或烹饪),可能会尝试,愿意，但仅限熟悉或感兴趣的人,将茶器设计成潮玩手办; 开发茶文化主题游戏或数字体验; 举办融合现代艺术的茶主题展览/快闪,非常感兴趣，愿意尝试购买,偶尔这么想，但主要还是因为好喝或习惯
答卷_46.docx,未知,未知,未知,未知,未知,2010年及以后,5000元以上,几乎不喝,完全不知道,完全认同，感到自豪,学习门槛高（如复杂仪式、专业术语）; 缺乏便捷的体验机会; 感觉与现代生活脱节; 缺乏有趣的内容和传播方式; 父母/老师等长辈未主动引导; 其他,自己日常饮用; 送礼(如给长辈、朋友); 社交分享（如拍照打卡）; 缓解压力/提神; 追求潮流/跟风,聚会/社交场合,优先选择低价产品，可以牺牲部分品质,机器生产的便携茶包（价格低，方便快捷),茶味零食(如茶味巧克力、薯片); 茶香护肤品（如面膜、香薰); 茶主题数字藏品(NFT); 可食用茶粉(直接冲饮或烹饪); 其他,一定会，很感兴趣,完全不愿意,举办融合现代艺术的茶主题展览/快闪,可以尝试，但更关注里面茶叶的品质,偶尔这么想，但主要还是因为好喝或习惯
答卷_47.docx,未知,未知,未知,未知,未知,2005-2009年,5000元以上,几乎不喝,知道部分,完全认同，感到自豪,缺乏有趣的内容和传播方式; 父母/老师等长辈未主动引导,送礼(如给长辈、朋友),节日/纪念日,不确定，视具体产品和心情而定,联名潮牌的限量版茶礼盒(价格中等，兼具文化与潮流),茶主题数字藏品(NFT),可能会尝试,愿意，但仅限熟悉或感兴趣的人,将茶器设计成潮玩手办,可以尝试，但更关注里面茶叶的品质,是的，有意识地为健康(如提神、解腻、放松）而喝茶
答卷_48.docx,未知,未知,未知,未知,未知,2005-2009年,1500-3000元,偶尔喝（每周1-2次）,知道部分,完全认同，感到自豪,学习门槛高（如复杂仪式、专业术语）; 缺乏便捷的体验机会; 缺乏有趣的内容和传播方式,自己日常饮用; 缓解压力/提神,学习/工作时需要提神,优先选择高品质产品，愿意为此支付更高价格,机器生产的便携茶包（价格低，方便快捷),茶香护肤品（如面膜、香薰); 可食用茶粉(直接冲饮或烹饪),可能会尝试,非常愿意，觉得很有意义,将茶器设计成潮玩手办; 用茶文化故事制作动画/漫画,可以尝试，但更关注里面茶叶的品质,是的，有意识地为健康(如提神、解腻、放松）而喝茶
答卷_49.docx,未知,未知,未知,未知,未知,2005-2009年,1500元以下,偶尔喝（每周1-2次）,知道部分,完全认同，感到自豪,学习门槛高（如复杂仪式、专业术语）; 缺乏有趣的内容和传播方式,自己日常饮用,聚会/社交场合,不确定，视具体产品和心情而定,无明显偏好,茶味零食(如茶味巧克力、薯片),可能会尝试,愿意，但仅限熟悉或感兴趣的人,将茶器设计成潮玩手办; 用茶文化故事制作动画/漫画; 开发茶文化主题游戏或数字体验; 举办融合现代艺术的茶主题展览/快闪,非常感兴趣，愿意尝试购买,是的，有意识地为健康(如提神、解腻、放松）而喝茶
答卷_5.docx,未知,未知,未知,未知,未知,2005-2009年,5000元以上,经常喝(每周3次及以上),知道部分,部分认同，但认为需要与时俱进,学习门槛高（如复杂仪式、专业术语）; 感觉与现代生活脱节; 缺乏有趣的内容和传播方式,送礼(如给长辈、朋友); 社交分享（如拍照打卡）; 缓解压力/提神,节日/纪念日,优先选择高品质产品，愿意为此支付更高价格,机器生产的便携茶包（价格低，方便快捷),茶香护肤品（如面膜、香薰); 可食用茶粉(直接冲饮或烹饪),可能会尝试,非常愿意，觉得很有意义,将茶器设计成潮玩手办; 开发茶文化主题游戏或数字体验,可以尝试，但更关注里面茶叶的品质,不会，喝茶和养生在我这里关联不大
答卷_50.docx,未知,未知,未知,未知,未知,1995-1999年,1500-3000元,偶尔喝（每周1-2次）,知道部分,部分认同，但认为需要与时俱进,学习门槛高（如复杂仪式、专业术语）; 缺乏便捷的体验机会; 感觉与现代生活脱节; 缺乏有趣的内容和传播方式,自己日常饮用; 送礼(如给长辈、朋友),学习/工作时需要提神,优先选择高品质产品，愿意为此支付更高价格,手工制作的古法茶饼（价格高，文化附加值高),茶味零食(如茶味巧克力、薯片); 可食用茶粉(直接冲饮或烹饪),可能会尝试,愿意，但仅限熟悉或感兴趣的人,用茶文化故事制作动画/漫画; 开发茶文化主题游戏或数字体验,可以尝试，但更关注里面茶叶的品质,是的，有意识地为健康(如提神、解腻、放松）而喝茶
答卷_51.docx,未知,未知,未知,未知,未知,2005-2009年,1500元以下,偶尔喝（每周1-2次）,知道部分,完全认同，感到自豪,缺乏便捷的体验机会; 缺乏有趣的内容和传播方式,自己日常饮用,学习/工作时需要提神,优先选择低价产品，可以牺牲部分品质,机器生产的便携茶包（价格低，方便快捷),茶味零食(如茶味巧克力、薯片),不感兴趣,愿意，但仅限熟悉或感兴趣的人,将茶器设计成潮玩手办,可以尝试，但更关注里面茶叶的品质,是的，有意识地为健康(如提神、解腻、放松）而喝茶
答卷_52.docx,未知,未知,未知,未知,未知,2005-2009年,1500元以下,几乎不喝,知道部分,完全认同，感到自豪,学习门槛高（如复杂仪式、专业术语）; 缺乏便捷的体验机会; 缺乏有趣的内容和传播方式,送礼(如给长辈、朋友); 缓解压力/提神,学习/工作时需要提神,不确定，视具体产品和心情而定,联名潮牌的限量版茶礼盒(价格中等，兼具文化与潮流),茶味零食(如茶味巧克力、薯片); 茶香护肤品（如面膜、香薰); 可食用茶粉(直接冲饮或烹饪),可能会尝试,愿意，但仅限熟悉或感兴趣的人,将茶器设计成潮玩手办; 用茶文化故事制作动画/漫画; 开发茶文化主题游戏或数字体验; 举办融合现代艺术的茶主题展览/快闪,可以尝试，但更关注里面茶叶的品质,是的，有意识地为健康(如提神、解腻、放松）而喝茶
答卷_53.docx,未知,未知,未知,未知,未知,1995-1999年,5000元以上,几乎不喝,完全不知道,无所谓,其他,其他,看到促销活动或内容“种草”,不确定，视具体产品和心情而定,无明显偏好,其他,觉得没必要,完全不愿意,其他,反感，认为破坏了茶文化的严肃性,没考虑过这个问题
答卷_54.docx,未知,未知,未知,未知,未知,2005-2009年,1500-3000元,几乎不喝,完全不知道,完全认同，感到自豪,学习门槛高（如复杂仪式、专业术语）; 缺乏便捷的体验机会; 父母/老师等长辈未主动引导,自己日常饮用; 送礼(如给长辈、朋友); 社交分享（如拍照打卡）; 缓解压力/提神,看到促销活动或内容“种草”,优先选择低价产品，可以牺牲部分品质,机器生产的便携茶包（价格低，方便快捷),可食用茶粉(直接冲饮或烹饪),不感兴趣,愿意，但仅限熟悉或感兴趣的人,将茶器设计成潮玩手办; 用茶文化故事制作动画/漫画; 开发茶文化主题游戏或数字体验; 举办融合现代艺术的茶主题展览/快闪,可以尝试，但更关注里面茶叶的品质,是的，有意识地为健康(如提神、解腻、放松）而喝茶
答卷_55.docx,未知,未知,未知,未知,未知,2005-2009年,1500-3000元,偶尔喝（每周1-2次）,知道部分,完全认同，感到自豪,学习门槛高（如复杂仪式、专业术语）,自己日常饮用,学习/工作时需要提神,优先选择低价产品，可以牺牲部分品质,机器生产的便携茶包（价格低，方便快捷),可食用茶粉(直接冲饮或烹饪),可能会尝试,愿意，但仅限熟悉或感兴趣的人,用茶文化故事制作动画/漫画; 举办融合现代艺术的茶主题展览/快闪,可以尝试，但更关注里面茶叶的品质,是的，有意识地为健康(如提神、解腻、放松）而喝茶
答卷_56.docx,未知,未知,未知,未知,未知,2005-2009年,1500元以下,偶尔喝（每周1-2次）,知道部分,完全认同，感到自豪,缺乏有趣的内容和传播方式,自己日常饮用; 送礼(如给长辈、朋友); 社交分享（如拍照打卡）; 缓解压力/提神,聚会/社交场合,优先选择低价产品，可以牺牲部分品质,无明显偏好,茶味零食(如茶味巧克力、薯片); 茶香护肤品（如面膜、香薰); 可食用茶粉(直接冲饮或烹饪),觉得没必要,愿意，但仅限熟悉或感兴趣的人,举办融合现代艺术的茶主题展览/快闪,可以尝试，但更关注里面茶叶的品质,不会，喝茶和养生在我这里关联不大
答卷_57.docx,未知,未知,未知,未知,未知,2005-2009年,1500-3000元,几乎不喝,知道部分,完全认同，感到自豪,缺乏便捷的体验机会; 感觉与现代生活脱节; 缺乏有趣的内容和传播方式,缓解压力/提神,聚会/社交场合,不确定，视具体产品和心情而定,无明显偏好,茶香护肤品（如面膜、香薰); 茶主题数字藏品(NFT),可能会尝试,愿意，但仅限熟悉或感兴趣的人,用茶文化故事制作动画/漫画,可以尝试，但更关注里面茶叶的品质,偶尔这么想，但主要还是因为好喝或习惯
答卷_58.docx,未知,未知,未知,未知,未知,2005-2009年,1500-3000元,经常喝(每周3次及以上),知道部分,部分认同，但认为需要与时俱进,学习门槛高（如复杂仪式、专业术语）; 缺乏便捷的体验机会; 父母/老师等长辈未主动引导,缓解压力/提神,学习/工作时需要提神,不确定，视具体产品和心情而定,机器生产的便携茶包（价格低，方便快捷),可食用茶粉(直接冲饮或烹饪),可能会尝试,愿意，但仅限熟悉或感兴趣的人,用茶文化故事制作动画/漫画; 开发茶文化主题游戏或数字体验,可以尝试，但更关注里面茶叶的品质,偶尔这么想，但主要还是因为好喝或习惯
答卷_59.docx,未知,未知,未知,未知,未知,2005-2009年,1500元以下,偶尔喝（每周1-2次）,知道部分,完全认同，感到自豪,缺乏有趣的内容和传播方式; 父母/老师等长辈未主动引导,自己日常饮用; 送礼(如给长辈、朋友); 缓解压力/提神,聚会/社交场合,优先选择低价产品，可以牺牲部分品质,无明显偏好,可食用茶粉(直接冲饮或烹饪),不感兴趣,愿意，但仅限熟悉或感兴趣的人,将茶器设计成潮玩手办; 用茶文化故事制作动画/漫画; 开发茶文化主题游戏或数字体验; 举办融合现代艺术的茶主题展览/快闪,可以尝试，但更关注里面茶叶的品质,是的，有意识地为健康(如提神、解腻、放松）而喝茶
答卷_6.docx,未知,未知,未知,未知,未知,2005-2009年,5000元以上,经常喝(每周3次及以上),完全知道并能区分,完全认同，感到自豪,缺乏有趣的内容和传播方式,自己日常饮用; 送礼(如给长辈、朋友); 社交分享（如拍照打卡）; 缓解压力/提神,聚会/社交场合,优先选择高品质产品，愿意为此支付更高价格,手工制作的古法茶饼（价格高，文化附加值高),茶味零食(如茶味巧克力、薯片),一定会，很感兴趣,非常愿意，觉得很有意义,用茶文化故事制作动画/漫画; 举办融合现代艺术的茶主题展览/快闪,非常感兴趣，愿意尝试购买,是的，有意识地为健康(如提神、解腻、放松）而喝茶
答卷_60.docx,未知,未知,未知,未知,未知,2005-2009年,1500-3000元,偶尔喝（每周1-2次）,知道部分,完全认同，感到自豪,学习门槛高（如复杂仪式、专业术语）; 缺乏便捷的体验机会; 缺乏有趣的内容和传播方式; 父母/老师等长辈未主动引导,自己日常饮用; 送礼(如给长辈、朋友),学习/工作时需要提神,不确定，视具体产品和心情而定,联名潮牌的限量版茶礼盒(价格中等，兼具文化与潮流),茶味零食(如茶味巧克力、薯片); 茶香护肤品（如面膜、香薰); 茶主题数字藏品(NFT); 可食用茶粉(直接冲饮或烹饪),可能会尝试,愿意，但仅限熟悉或感兴趣的人,将茶器设计成潮玩手办; 开发茶文化主题游戏或数字体验; 举办融合现代艺术的茶主题展览/快闪,非常感兴趣，愿意尝试购买,偶尔这么想，但主要还是因为好喝或习惯
答卷_61.docx,未知,未知,未知,未知,未知,2005-2009年,1500-3000元,几乎不喝,知道部分,完全认同，感到自豪,缺乏便捷的体验机会; 缺乏有趣的内容和传播方式,送礼(如给长辈、朋友),节日/纪念日,不确定，视具体产品和心情而定,手工制作的古法茶饼（价格高，文化附加值高),可食用茶粉(直接冲饮或烹饪),可能会尝试,非常愿意，觉得很有意义,将茶器设计成潮玩手办; 用茶文化故事制作动画/漫画; 开发茶文化主题游戏或数字体验; 举办融合现代艺术的茶主题展览/快闪,可以尝试，但更关注里面茶叶的品质,是的，有意识地为健康(如提神、解腻、放松）而喝茶
答卷_62.docx,未知,未知,未知,未知,未知,2005-2009年,1500-3000元,偶尔喝（每周1-2次）,知道部分,完全认同，感到自豪,学习门槛高（如复杂仪式、专业术语）,自己日常饮用; 送礼(如给长辈、朋友),聚会/社交场合,不确定，视具体产品和心情而定,手工制作的古法茶饼（价格高，文化附加值高),茶味零食(如茶味巧克力、薯片); 可食用茶粉(直接冲饮或烹饪),一定会，很感兴趣,非常愿意，觉得很有意义,将茶器设计成潮玩手办; 用茶文化故事制作动画/漫画; 开发茶文化主题游戏或数字体验; 举办融合现代艺术的茶主题展览/快闪,可以尝试，但更关注里面茶叶的品质,是的，有意识地为健康(如提神、解腻、放松）而喝茶
答卷_63.docx,未知,未知,未知,未知,未知,2005-2009年,1500-3000元,偶尔喝（每周1-2次）,完全知道并能区分,完全认同，感到自豪,缺乏便捷的体验机会; 感觉与现代生活脱节,自己日常饮用; 送礼(如给长辈、朋友); 缓解压力/提神; 追求潮流/跟风,聚会/社交场合,优先选择高品质产品，愿意为此支付更高价格,手工制作的古法茶饼（价格高，文化附加值高),茶味零食(如茶味巧克力、薯片); 茶香护肤品（如面膜、香薰); 茶主题数字藏品(NFT); 可食用茶粉(直接冲饮或烹饪),一定会，很感兴趣,非常愿意，觉得很有意义,举办融合现代艺术的茶主题展览/快闪,可以尝试，但更关注里面茶叶的品质,是的，有意识地为健康(如提神、解腻、放松）而喝茶
答卷_64.docx,未知,未知,未知,未知,未知,2005-2009年,1500-3000元,几乎不喝,完全不知道,完全认同，感到自豪,缺乏有趣的内容和传播方式,缓解压力/提神,聚会/社交场合,优先选择高品质产品，愿意为此支付更高价格,机器生产的便携茶包（价格低，方便快捷),茶主题数字藏品(NFT),可能会尝试,愿意，但仅限熟悉或感兴趣的人,用茶文化故事制作动画/漫画,可以尝试，但更关注里面茶叶的品质,偶尔这么想，但主要还是因为好喝或习惯
答卷_65.docx,未知,未知,未知,未知,未知,2005-2009年,1500元以下,偶尔喝（每周1-2次）,完全不知道,完全认同，感到自豪,学习门槛高（如复杂仪式、专业术语）; 缺乏便捷的体验机会; 感觉与现代生活脱节,送礼(如给长辈、朋友); 缓解压力/提神,学习/工作时需要提神,不确定，视具体产品和心情而定,无明显偏好,茶味零食(如茶味巧克力、薯片); 茶香护肤品（如面膜、香薰),一定会，很感兴趣,非常愿意，觉得很有意义,将茶器设计成潮玩手办; 举办融合现代艺术的茶主题展览/快闪,可以尝试，但更关注里面茶叶的品质,偶尔这么想，但主要还是因为好喝或习惯
答卷_66.docx,未知,未知,未知,未知,未知,2005-2009年,1500-3000元,偶尔喝（每周1-2次）,知道部分,完全认同，感到自豪,学习门槛高（如复杂仪式、专业术语）; 缺乏便捷的体验机会,自己日常饮用; 缓解压力/提神,聚会/社交场合,优先选择高品质产品，愿意为此支付更高价格,联名潮牌的限量版茶礼盒(价格中等，兼具文化与潮流),可食用茶粉(直接冲饮或烹饪),一定会，很感兴趣,非常愿意，觉得很有意义,开发茶文化主题游戏或数字体验; 举办融合现代艺术的茶主题展览/快闪,非常感兴趣，愿意尝试购买,是的，有意识地为健康(如提神、解腻、放松）而喝茶
答卷_67.docx,未知,未知,未知,未知,未知,2005-2009年,1500元以下,几乎不喝,完全不知道,完全认同，感到自豪,学习门槛高（如复杂仪式、专业术语）; 缺乏便捷的体验机会; 缺乏有趣的内容和传播方式; 父母/老师等长辈未主动引导,自己日常饮用; 送礼(如给长辈、朋友); 缓解压力/提神; 追求潮流/跟风,聚会/社交场合,优先选择低价产品，可以牺牲部分品质,手工制作的古法茶饼（价格高，文化附加值高),其他 正常喝,一定会，很感兴趣,非常愿意，觉得很有意义,举办融合现代艺术的茶主题展览/快闪,可以尝试，但更关注里面茶叶的品质,是的，有意识地为健康(如提神、解腻、放松）而喝茶
答卷_68.docx,未知,未知,未知,未知,未知,2005-2009年,1500元以下,经常喝(每周3次及以上),知道部分,完全认同，感到自豪,学习门槛高（如复杂仪式、专业术语）; 感觉与现代生活脱节,自己日常饮用,运动后补水,不确定，视具体产品和心情而定,机器生产的便携茶包（价格低，方便快捷),可食用茶粉(直接冲饮或烹饪),一定会，很感兴趣,不太愿意，觉得对方可能不感兴趣,将茶器设计成潮玩手办; 用茶文化故事制作动画/漫画; 开发茶文化主题游戏或数字体验; 举办融合现代艺术的茶主题展览/快闪,可以尝试，但更关注里面茶叶的品质,偶尔这么想，但主要还是因为好喝或习惯
答卷_69.docx,未知,未知,未知,未知,未知,2005-2009年,1500-3000元,偶尔喝（每周1-2次）,知道部分,完全认同，感到自豪,缺乏便捷的体验机会; 缺乏有趣的内容和传播方式; 父母/老师等长辈未主动引导,自己日常饮用; 缓解压力/提神,学习/工作时需要提神,优先选择高品质产品，愿意为此支付更高价格,无明显偏好,可食用茶粉(直接冲饮或烹饪),可能会尝试,愿意，但仅限熟悉或感兴趣的人,用茶文化故事制作动画/漫画; 开发茶文化主题游戏或数字体验,可以尝试，但更关注里面茶叶的品质,偶尔这么想，但主要还是因为好喝或习惯
答卷_7.docx,未知,未知,未知,未知,未知,2005-2009年,1500-3000元,偶尔喝（每周1-2次）,完全知道并能区分,完全认同，感到自豪,学习门槛高（如复杂仪式、专业术语）; 缺乏便捷的体验机会,自己日常饮用; 送礼(如给长辈、朋友),学习/工作时需要提神,优先选择高品质产品，愿意为此支付更高价格,手工制作的古法茶饼（价格高，文化附加值高),茶味零食(如茶味巧克力、薯片); 茶香护肤品（如面膜、香薰),一定会，很感兴趣,非常愿意，觉得很有意义,将茶器设计成潮玩手办; 用茶文化故事制作动画/漫画,非常感兴趣，愿意尝试购买,是的，有意识地为健康(如提神、解腻、放松）而喝茶
答卷_70.docx,未知,未知,未知,未知,未知,2005-2009年,1500-3000元,偶尔喝（每周1-2次）,知道部分,部分认同，但认为需要与时俱进,学习门槛高（如复杂仪式、专业术语）,自己日常饮用,学习/工作时需要提神,优先选择高品质产品，愿意为此支付更高价格,机器生产的便携茶包（价格低，方便快捷),茶味零食(如茶味巧克力、薯片),不感兴趣,愿意，但仅限熟悉或感兴趣的人,将茶器设计成潮玩手办,不感兴趣，觉得是噱头,偶尔这么想，但主要还是因为好喝或习惯
答卷_71.docx,未知,未知,未知,未知,未知,2005-2009年,1500-3000元,偶尔喝（每周1-2次）,知道部分,完全认同，感到自豪,学习门槛高（如复杂仪式、专业术语）; 缺乏便捷的体验机会; 感觉与现代生活脱节; 缺乏有趣的内容和传播方式; 父母/老师等长辈未主动引导,自己日常饮用; 送礼(如给长辈、朋友),学习/工作时需要提神,优先选择高品质产品，愿意为此支付更高价格,手工制作的古法茶饼（价格高，文化附加值高),茶味零食(如茶味巧克力、薯片); 茶香护肤品（如面膜、香薰),可能会尝试,愿意，但仅限熟悉或感兴趣的人,将茶器设计成潮玩手办; 用茶文化故事制作动画/漫画; 开发茶文化主题游戏或数字体验; 举办融合现代艺术的茶主题展览/快闪,非常感兴趣，愿意尝试购买,偶尔这么想，但主要还是因为好喝或习惯
答卷_72.docx,未知,未知,未知,未知,未知,2005-2009年,1500-3000元,几乎不喝,知道部分,部分认同，但认为需要与时俱进,学习门槛高（如复杂仪式、专业术语）; 缺乏便捷的体验机会; 缺乏有趣的内容和传播方式,送礼(如给长辈、朋友),聚会/社交场合,不确定，视具体产品和心情而定,无明显偏好,茶味零食(如茶味巧克力、薯片); 茶香护肤品（如面膜、香薰); 茶主题数字藏品(NFT); 可食用茶粉(直接冲饮或烹饪),可能会尝试,愿意，但仅限熟悉或感兴趣的人,将茶器设计成潮玩手办; 用茶文化故事制作动画/漫画; 开发茶文化主题游戏或数字体验; 举办融合现代艺术的茶主题展览/快闪,可以尝试，但更关注里面茶叶的品质,偶尔这么想，但主要还是因为好喝或习惯
答卷_73.docx,未知,未知,未知,未知,未知,2005-2009年,1500元以下,偶尔喝（每周1-2次）,知道部分,完全认同，感到自豪,学习门槛高（如复杂仪式、专业术语）; 父母/老师等长辈未主动引导,自己日常饮用; 缓解压力/提神,节日/纪念日,不确定，视具体产品和心情而定,手工制作的古法茶饼（价格高，文化附加值高),茶味零食(如茶味巧克力、薯片); 茶香护肤品（如面膜、香薰),可能会尝试,愿意，但仅限熟悉或感兴趣的人,举办融合现代艺术的茶主题展览/快闪,可以尝试，但更关注里面茶叶的品质,是的，有意识地为健康(如提神、解腻、放松）而喝茶
答卷_74.docx,未知,未知,未知,未知,未知,2005-2009年,1500元以下,几乎不喝,知道部分,完全认同，感到自豪,缺乏便捷的体验机会; 缺乏有趣的内容和传播方式,缓解压力/提神,学习/工作时需要提神,不确定，视具体产品和心情而定,手工制作的古法茶饼（价格高，文化附加值高),茶味零食(如茶味巧克力、薯片); 茶香护肤品（如面膜、香薰); 茶主题数字藏品(NFT); 可食用茶粉(直接冲饮或烹饪),可能会尝试,非常愿意，觉得很有意义,将茶器设计成潮玩手办; 用茶文化故事制作动画/漫画; 开发茶文化主题游戏或数字体验; 举办融合现代艺术的茶主题展览/快闪,可以尝试，但更关注里面茶叶的品质,不会，喝茶和养生在我这里关联不大
答卷_75.docx,未知,未知,未知,未知,未知,2005-2009年,1500-3000元,经常喝(每周3次及以上),知道部分,完全认同，感到自豪,学习门槛高（如复杂仪式、专业术语）; 缺乏便捷的体验机会; 缺乏有趣的内容和传播方式; 父母/老师等长辈未主动引导,自己日常饮用,聚会/社交场合,优先选择高品质产品，愿意为此支付更高价格,无明显偏好,茶味零食(如茶味巧克力、薯片); 茶香护肤品（如面膜、香薰),可能会尝试,愿意，但仅限熟悉或感兴趣的人,将茶器设计成潮玩手办,非常感兴趣，愿意尝试购买,是的，有意识地为健康(如提神、解腻、放松）而喝茶
答卷_76.docx,未知,未知,未知,未知,未知,2005-2009年,1500-3000元,偶尔喝（每周1-2次）,完全不知道,完全认同，感到自豪,缺乏便捷的体验机会; 父母/老师等长辈未主动引导,自己日常饮用; 送礼(如给长辈、朋友),节日/纪念日,优先选择高品质产品，愿意为此支付更高价格,手工制作的古法茶饼（价格高，文化附加值高),茶味零食(如茶味巧克力、薯片),一定会，很感兴趣,愿意，但仅限熟悉或感兴趣的人,用茶文化故事制作动画/漫画,可以尝试，但更关注里面茶叶的品质,是的，有意识地为健康(如提神、解腻、放松）而喝茶
答卷_77.docx,未知,未知,未知,未知,未知,2005-2009年,1500-3000元,偶尔喝（每周1-2次）,知道部分,完全认同，感到自豪,缺乏便捷的体验机会; 缺乏有趣的内容和传播方式,自己日常饮用; 社交分享（如拍照打卡）; 缓解压力/提神; 追求潮流/跟风,学习/工作时需要提神,优先选择低价产品，可以牺牲部分品质,机器生产的便携茶包（价格低，方便快捷),可食用茶粉(直接冲饮或烹饪),可能会尝试,愿意，但仅限熟悉或感兴趣的人,将茶器设计成潮玩手办; 开发茶文化主题游戏或数字体验; 举办融合现代艺术的茶主题展览/快闪,可以尝试，但更关注里面茶叶的品质,是的，有意识地为健康(如提神、解腻、放松）而喝茶
答卷_78.docx,未知,未知,未知,未知,未知,2005-2009年,1500-3000元,偶尔喝（每周1-2次）,知道部分,完全认同，感到自豪,缺乏便捷的体验机会; 缺乏有趣的内容和传播方式,自己日常饮用; 送礼(如给长辈、朋友); 缓解压力/提神,学习/工作时需要提神,不确定，视具体产品和心情而定,手工制作的古法茶饼（价格高，文化附加值高),茶香护肤品（如面膜、香薰); 可食用茶粉(直接冲饮或烹饪),一定会，很感兴趣,非常愿意，觉得很有意义,开发茶文化主题游戏或数字体验; 举办融合现代艺术的茶主题展览/快闪; 其他,非常感兴趣，愿意尝试购买,是的，有意识地为健康(如提神、解腻、放松）而喝茶
答卷_79.docx,未知,未知,未知,未知,未知,2005-2009年,1500-3000元,几乎不喝,知道部分,完全认同，感到自豪,学习门槛高（如复杂仪式、专业术语）; 缺乏有趣的内容和传播方式,缓解压力/提神; 追求潮流/跟风,学习/工作时需要提神,不确定，视具体产品和心情而定,联名潮牌的限量版茶礼盒(价格中等，兼具文化与潮流),茶香护肤品（如面膜、香薰); 可食用茶粉(直接冲饮或烹饪),可能会尝试,愿意，但仅限熟悉或感兴趣的人,将茶器设计成潮玩手办; 用茶文化故事制作动画/漫画; 开发茶文化主题游戏或数字体验; 举办融合现代艺术的茶主题展览/快闪,可以尝试，但更关注里面茶叶的品质,偶尔这么想，但主要还是因为好喝或习惯
答卷_8.docx,未知,未知,未知,未知,未知,2000-2004年,1500-3000元,经常喝(每周3次及以上),知道部分,部分认同，但认为需要与时俱进,缺乏便捷的体验机会,社交分享（如拍照打卡）,聚会/社交场合,优先选择高品质产品，愿意为此支付更高价格,手工制作的古法茶饼（价格高，文化附加值高),茶味零食(如茶味巧克力、薯片),可能会尝试,愿意，但仅限熟悉或感兴趣的人,举办融合现代艺术的茶主题展览/快闪,非常感兴趣，愿意尝试购买,是的，有意识地为健康(如提神、解腻、放松）而喝茶
答卷_80.docx,未知,未知,未知,未知,未知,2005-2009年,1500-3000元,几乎不喝,知道部分,完全认同，感到自豪,学习门槛高（如复杂仪式、专业术语）; 缺乏有趣的内容和传播方式,缓解压力/提神; 追求潮流/跟风,学习/工作时需要提神,不确定，视具体产品和心情而定,联名潮牌的限量版茶礼盒(价格中等，兼具文化与潮流),茶香护肤品（如面膜、香薰); 可食用茶粉(直接冲饮或烹饪),可能会尝试,愿意，但仅限熟悉或感兴趣的人,将茶器设计成潮玩手办; 用茶文化故事制作动画/漫画; 开发茶文化主题游戏或数字体验; 举办融合现代艺术的茶主题展览/快闪,可以尝试，但更关注里面茶叶的品质,偶尔这么想，但主要还是因为好喝或习惯
答卷_81.docx,未知,未知,未知,未知,未知,2005-2009年,1500元以下,偶尔喝（每周1-2次）,知道部分,部分认同，但认为需要与时俱进,学习门槛高（如复杂仪式、专业术语）; 感觉与现代生活脱节; 缺乏有趣的内容和传播方式,自己日常饮用; 送礼(如给长辈、朋友); 社交分享（如拍照打卡）; 缓解压力/提神,学习/工作时需要提神,不确定，视具体产品和心情而定,机器生产的便携茶包（价格低，方便快捷),茶味零食(如茶味巧克力、薯片),可能会尝试,不太愿意，觉得对方可能不感兴趣,将茶器设计成潮玩手办; 用茶文化故事制作动画/漫画; 开发茶文化主题游戏或数字体验; 举办融合现代艺术的茶主题展览/快闪,可以尝试，但更关注里面茶叶的品质,偶尔这么想，但主要还是因为好喝或习惯
答卷_82.docx,未知,未知,未知,未知,未知,2005-2009年,1500-3000元,偶尔喝（每周1-2次）,知道部分,完全认同，感到自豪,学习门槛高（如复杂仪式、专业术语）; 其他,自己日常饮用; 送礼(如给长辈、朋友); 缓解压力/提神,学习/工作时需要提神,不确定，视具体产品和心情而定,无明显偏好,茶味零食(如茶味巧克力、薯片); 可食用茶粉(直接冲饮或烹饪),可能会尝试,愿意，但仅限熟悉或感兴趣的人,用茶文化故事制作动画/漫画; 开发茶文化主题游戏或数字体验,可以尝试，但更关注里面茶叶的品质,是的，有意识地为健康(如提神、解腻、放松）而喝茶
答卷_83.docx,未知,未知,未知,未知,未知,2005-2009年,1500-3000元,偶尔喝（每周1-2次）,知道部分,完全认同，感到自豪,学习门槛高（如复杂仪式、专业术语）,送礼(如给长辈、朋友); 社交分享（如拍照打卡）,聚会/社交场合,优先选择高品质产品，愿意为此支付更高价格,手工制作的古法茶饼（价格高，文化附加值高),茶香护肤品（如面膜、香薰),可能会尝试,非常愿意，觉得很有意义,开发茶文化主题游戏或数字体验,可以尝试，但更关注里面茶叶的品质,是的，有意识地为健康(如提神、解腻、放松）而喝茶
答卷_84.docx,未知,未知,未知,未知,未知,2005-2009年,1500-3000元,经常喝(每周3次及以上),知道部分,完全认同，感到自豪,缺乏便捷的体验机会,自己日常饮用,学习/工作时需要提神,不确定，视具体产品和心情而定,机器生产的便携茶包（价格低，方便快捷),茶味零食(如茶味巧克力、薯片); 可食用茶粉(直接冲饮或烹饪),可能会尝试,非常愿意，觉得很有意义,开发茶文化主题游戏或数字体验,非常感兴趣，愿意尝试购买,是的，有意识地为健康(如提神、解腻、放松）而喝茶
答卷_85.docx,未知,未知,未知,未知,未知,2005-2009年,1500-3000元,偶尔喝（每周1-2次）,知道部分,完全认同，感到自豪,缺乏便捷的体验机会; 感觉与现代生活脱节; 缺乏有趣的内容和传播方式,自己日常饮用; 送礼(如给长辈、朋友); 社交分享（如拍照打卡）; 缓解压力/提神; 追求潮流/跟风,看到促销活动或内容“种草”,不确定，视具体产品和心情而定,联名潮牌的限量版茶礼盒(价格中等，兼具文化与潮流),茶味零食(如茶味巧克力、薯片); 茶主题数字藏品(NFT),可能会尝试,愿意，但仅限熟悉或感兴趣的人,将茶器设计成潮玩手办; 开发茶文化主题游戏或数字体验; 举办融合现代艺术的茶主题展览/快闪,非常感兴趣，愿意尝试购买,是的，有意识地为健康(如提神、解腻、放松）而喝茶
答卷_86.docx,未知,未知,未知,未知,未知,2005-2009年,1500元以下,几乎不喝,知道部分,部分认同，但认为需要与时俱进,学习门槛高（如复杂仪式、专业术语）; 缺乏便捷的体验机会; 感觉与现代生活脱节,自己日常饮用; 送礼(如给长辈、朋友); 社交分享（如拍照打卡）,聚会/社交场合,优先选择低价产品，可以牺牲部分品质,手工制作的古法茶饼（价格高，文化附加值高),茶主题数字藏品(NFT); 可食用茶粉(直接冲饮或烹饪),可能会尝试,愿意，但仅限熟悉或感兴趣的人,开发茶文化主题游戏或数字体验,不感兴趣，觉得是噱头,不会，喝茶和养生在我这里关联不大
答卷_87.docx,未知,未知,未知,未知,未知,2005-2009年,1500元以下,经常喝(每周3次及以上),完全不知道,完全认同，感到自豪,缺乏便捷的体验机会; 父母/老师等长辈未主动引导,自己日常饮用,节日/纪念日,优先选择高品质产品，愿意为此支付更高价格,手工制作的古法茶饼（价格高，文化附加值高),茶味零食(如茶味巧克力、薯片); 茶香护肤品（如面膜、香薰); 茶主题数字藏品(NFT); 可食用茶粉(直接冲饮或烹饪),一定会，很感兴趣,非常愿意，觉得很有意义,将茶器设计成潮玩手办; 用茶文化故事制作动画/漫画; 开发茶文化主题游戏或数字体验; 举办融合现代艺术的茶主题展览/快闪,非常感兴趣，愿意尝试购买,是的，有意识地为健康(如提神、解腻、放松）而喝茶
答卷_88.docx,未知,未知,未知,未知,未知,2005-2009年,1500元以下,偶尔喝（每周1-2次）,知道部分,部分认同，但认为需要与时俱进,缺乏便捷的体验机会; 感觉与现代生活脱节; 缺乏有趣的内容和传播方式,自己日常饮用; 送礼(如给长辈、朋友); 缓解压力/提神,聚会/社交场合,不确定，视具体产品和心情而定,机器生产的便携茶包（价格低，方便快捷),可食用茶粉(直接冲饮或烹饪),可能会尝试,愿意，但仅限熟悉或感兴趣的人,用茶文化故事制作动画/漫画; 开发茶文化主题游戏或数字体验,可以尝试，但更关注里面茶叶的品质,是的，有意识地为健康(如提神、解腻、放松）而喝茶
答卷_89.docx,未知,未知,未知,未知,未知,2005-2009年,1500-3000元,偶尔喝（每周1-2次）,知道部分,部分认同，但认为需要与时俱进,学习门槛高（如复杂仪式、专业术语）; 缺乏便捷的体验机会; 缺乏有趣的内容和传播方式,送礼(如给长辈、朋友),节日/纪念日,不确定，视具体产品和心情而定,联名潮牌的限量版茶礼盒(价格中等，兼具文化与潮流),茶味零食(如茶味巧克力、薯片); 茶香护肤品（如面膜、香薰); 茶主题数字藏品(NFT); 可食用茶粉(直接冲饮或烹饪),可能会尝试,非常愿意，觉得很有意义,将茶器设计成潮玩手办; 举办融合现代艺术的茶主题展览/快闪,非常感兴趣，愿意尝试购买,偶尔这么想，但主要还是因为好喝或习惯
答卷_9.docx,未知,未知,未知,未知,未知,2005-2009年,1500元以下,偶尔喝（每周1-2次）,知道部分,完全认同，感到自豪,学习门槛高（如复杂仪式、专业术语）; 缺乏便捷的体验机会,送礼(如给长辈、朋友); 缓解压力/提神,学习/工作时需要提神,不确定，视具体产品和心情而定,联名潮牌的限量版茶礼盒(价格中等，兼具文化与潮流),茶香护肤品（如面膜、香薰); 茶主题数字藏品(NFT); 可食用茶粉(直接冲饮或烹饪),可能会尝试,愿意，但仅限熟悉或感兴趣的人,将茶器设计成潮玩手办; 用茶文化故事制作动画/漫画; 开发茶文化主题游戏或数字体验,可以尝试，但更关注里面茶叶的品质,是的，有意识地为健康(如提神、解腻、放松）而喝茶
答卷_90.docx,未知,未知,未知,未知,未知,2005-2009年,1500元以下,偶尔喝（每周1-2次）,知道部分,完全认同，感到自豪,学习门槛高（如复杂仪式、专业术语）; 缺乏便捷的体验机会; 感觉与现代生活脱节; 父母/老师等长辈未主动引导,送礼(如给长辈、朋友),节日/纪念日,不确定，视具体产品和心情而定,机器生产的便携茶包（价格低，方便快捷),茶主题数字藏品(NFT),可能会尝试,愿意，但仅限熟悉或感兴趣的人,用茶文化故事制作动画/漫画; 开发茶文化主题游戏或数字体验; 举办融合现代艺术的茶主题展览/快闪,可以尝试，但更关注里面茶叶的品质,是的，有意识地为健康(如提神、解腻、放松）而喝茶
答卷_91.docx,未知,未知,未知,未知,未知,2005-2009年,1500-3000元,偶尔喝（每周1-2次）,知道部分,完全认同，感到自豪,缺乏便捷的体验机会; 缺乏有趣的内容和传播方式; 父母/老师等长辈未主动引导,自己日常饮用; 送礼(如给长辈、朋友); 社交分享（如拍照打卡）,聚会/社交场合,不确定，视具体产品和心情而定,机器生产的便携茶包（价格低，方便快捷),茶香护肤品（如面膜、香薰); 可食用茶粉(直接冲饮或烹饪),可能会尝试,愿意，但仅限熟悉或感兴趣的人,举办融合现代艺术的茶主题展览/快闪,可以尝试，但更关注里面茶叶的品质,是的，有意识地为健康(如提神、解腻、放松）而喝茶
答卷_92.docx,未知,未知,未知,未知,未知,2000-2004年,1500元以下,几乎不喝,知道部分,完全认同，感到自豪,学习门槛高（如复杂仪式、专业术语）; 缺乏便捷的体验机会; 感觉与现代生活脱节,送礼(如给长辈、朋友); 追求潮流/跟风,聚会/社交场合,优先选择高品质产品，愿意为此支付更高价格,手工制作的古法茶饼（价格高，文化附加值高),茶味零食(如茶味巧克力、薯片); 茶香护肤品（如面膜、香薰),可能会尝试,愿意，但仅限熟悉或感兴趣的人,用茶文化故事制作动画/漫画,可以尝试，但更关注里面茶叶的品质,偶尔这么想，但主要还是因为好喝或习惯
答卷_93.docx,未知,未知,未知,未知,未知,2005-2009年,3001-5000元,偶尔喝（每周1-2次）,完全知道并能区分,完全认同，感到自豪,学习门槛高（如复杂仪式、专业术语）; 缺乏便捷的体验机会; 感觉与现代生活脱节; 缺乏有趣的内容和传播方式; 父母/老师等长辈未主动引导,自己日常饮用; 送礼(如给长辈、朋友); 社交分享（如拍照打卡）; 缓解压力/提神,节日/纪念日,优先选择高品质产品，愿意为此支付更高价格,手工制作的古法茶饼（价格高，文化附加值高),茶香护肤品（如面膜、香薰); 可食用茶粉(直接冲饮或烹饪),可能会尝试,非常愿意，觉得很有意义,用茶文化故事制作动画/漫画; 开发茶文化主题游戏或数字体验; 举办融合现代艺术的茶主题展览/快闪,不感兴趣，觉得是噱头,偶尔这么想，但主要还是因为好喝或习惯
答卷_94.docx,未知,未知,未知,未知,未知,2005-2009年,1500元以下,经常喝(每周3次及以上),知道部分,完全认同，感到自豪,学习门槛高（如复杂仪式、专业术语）; 缺乏便捷的体验机会,自己日常饮用; 送礼(如给长辈、朋友); 社交分享（如拍照打卡）; 缓解压力/提神; 追求潮流/跟风,学习/工作时需要提神,优先选择低价产品，可以牺牲部分品质,联名潮牌的限量版茶礼盒(价格中等，兼具文化与潮流),茶味零食(如茶味巧克力、薯片); 茶香护肤品（如面膜、香薰); 茶主题数字藏品(NFT); 可食用茶粉(直接冲饮或烹饪),可能会尝试,愿意，但仅限熟悉或感兴趣的人,将茶器设计成潮玩手办; 用茶文化故事制作动画/漫画; 开发茶文化主题游戏或数字体验; 举办融合现代艺术的茶主题展览/快闪,可以尝试，但更关注里面茶叶的品质,偶尔这么想，但主要还是因为好喝或习惯
答卷_95.docx,未知,未知,未知,未知,未知,2005-2009年,1500-3000元,偶尔喝（每周1-2次）,知道部分,部分认同，但认为需要与时俱进,学习门槛高（如复杂仪式、专业术语）; 缺乏便捷的体验机会; 感觉与现代生活脱节; 缺乏有趣的内容和传播方式; 父母/老师等长辈未主动引导,送礼(如给长辈、朋友); 社交分享（如拍照打卡）; 追求潮流/跟风,学习/工作时需要提神,优先选择低价产品，可以牺牲部分品质,机器生产的便携茶包（价格低，方便快捷),茶味零食(如茶味巧克力、薯片); 茶香护肤品（如面膜、香薰); 茶主题数字藏品(NFT); 可食用茶粉(直接冲饮或烹饪),可能会尝试,愿意，但仅限熟悉或感兴趣的人,用茶文化故事制作动画/漫画; 开发茶文化主题游戏或数字体验; 举办融合现代艺术的茶主题展览/快闪,可以尝试，但更关注里面茶叶的品质,偶尔这么想，但主要还是因为好喝或习惯
答卷_96.docx,未知,未知,未知,未知,未知,2005-2009年,1500元以下,偶尔喝（每周1-2次）,知道部分,完全认同，感到自豪,学习门槛高（如复杂仪式、专业术语）; 缺乏便捷的体验机会; 感觉与现代生活脱节; 缺乏有趣的内容和传播方式; 父母/老师等长辈未主动引导,自己日常饮用; 缓解压力/提神,学习/工作时需要提神,优先选择高品质产品，愿意为此支付更高价格,机器生产的便携茶包（价格低，方便快捷),茶味零食(如茶味巧克力、薯片); 茶香护肤品（如面膜、香薰); 茶主题数字藏品(NFT); 可食用茶粉(直接冲饮或烹饪),可能会尝试,非常愿意，觉得很有意义,将茶器设计成潮玩手办; 用茶文化故事制作动画/漫画; 开发茶文化主题游戏或数字体验; 举办融合现代艺术的茶主题展览/快闪,非常感兴趣，愿意尝试购买,是的，有意识地为健康(如提神、解腻、放松）而喝茶
答卷_97.docx,未知,未知,未知,未知,未知,2005-2009年,1500元以下,偶尔喝（每周1-2次）,知道部分,完全认同，感到自豪,学习门槛高（如复杂仪式、专业术语）; 缺乏便捷的体验机会; 父母/老师等长辈未主动引导,自己日常饮用; 送礼(如给长辈、朋友); 社交分享（如拍照打卡）; 缓解压力/提神,学习/工作时需要提神,不确定，视具体产品和心情而定,联名潮牌的限量版茶礼盒(价格中等，兼具文化与潮流),茶味零食(如茶味巧克力、薯片); 茶香护肤品（如面膜、香薰); 可食用茶粉(直接冲饮或烹饪),可能会尝试,非常愿意，觉得很有意义,用茶文化故事制作动画/漫画; 开发茶文化主题游戏或数字体验; 举办融合现代艺术的茶主题展览/快闪,非常感兴趣，愿意尝试购买,是的，有意识地为健康(如提神、解腻、放松）而喝茶
答卷_98.docx,未知,未知,未知,未知,未知,2005-2009年,1500-3000元,经常喝(每周3次及以上),知道部分,完全认同，感到自豪,学习门槛高（如复杂仪式、专业术语）; 缺乏便捷的体验机会; 父母/老师等长辈未主动引导,自己日常饮用; 送礼(如给长辈、朋友); 社交分享（如拍照打卡）; 缓解压力/提神,聚会/社交场合,不确定，视具体产品和心情而定,机器生产的便携茶包（价格低，方便快捷),茶味零食(如茶味巧克力、薯片); 茶香护肤品（如面膜、香薰); 可食用茶粉(直接冲饮或烹饪),不感兴趣,愿意，但仅限熟悉或感兴趣的人,将茶器设计成潮玩手办; 用茶文化故事制作动画/漫画,不感兴趣，觉得是噱头,偶尔这么想，但主要还是因为好喝或习惯
答卷_99.docx,未知,未知,未知,未知,未知,2005-2009年,5000元以上,经常喝(每周3次及以上),完全知道并能区分,完全认同，感到自豪,学习门槛高（如复杂仪式、专业术语）,自己日常饮用; 缓解压力/提神,学习/工作时需要提神,优先选择高品质产品，愿意为此支付更高价格,手工制作的古法茶饼（价格高，文化附加值高),茶味零食(如茶味巧克力、薯片),一定会，很感兴趣,非常愿意，觉得很有意义,将茶器设计成潮玩手办,非常感兴趣，愿意尝试购买,是的，有意识地为健康(如提神、解腻、放松）而喝茶
