transaction_id,date,product_category,product_name,quantity,price,total_amount,customer_id,region
1,2023-04-13,Home,Tools,1,423.39,423.39,89,South
2,2023-12-15,Home,Decor,4,490.78,1963.12,180,West
3,2023-09-28,Electronics,Smartwatch,1,398.64,398.64,200,South
4,2023-04-17,Clothing,Jacket,4,428.35,1713.4,61,East
5,2023-03-13,Clothing,T-Shirt,5,128.57,642.85,192,West
6,2023-07-08,Food,Dairy,4,480.71,1922.84,5,East
7,2023-01-21,Clothing,Jacket,2,106.49,212.98,122,North
8,2023-04-13,Electronics,Laptop,4,476.2,1904.8,181,West
9,2023-05-02,Home,Bedding,3,497.46,1492.38,55,East
10,2023-08-03,Clothing,Jeans,4,358.74,1434.96,37,West
11,2023-11-27,Food,Beverages,2,490.76,981.52,56,East
12,2023-03-29,Clothing,Shoes,2,289.07,578.14,187,West
13,2023-04-10,Electronics,Tablet,1,137.18,137.18,102,East
14,2023-12-26,Food,Snacks,5,224.13,1120.65,93,North
15,2023-06-01,Clothing,Jacket,4,300.84,1203.36,197,West
16,2023-05-11,Food,Fruits,1,45.81,45.81,73,West
17,2023-05-30,Electronics,Smartphone,5,314.95,1574.75,59,West
18,2023-11-05,Home,Tools,4,490.78,1963.12,2,West
19,2023-09-15,Electronics,Smartwatch,3,103.15,309.45,193,North
20,2023-12-10,Electronics,Headphones,4,398.37,1593.48,104,West
21,2023-10-21,Electronics,Tablet,2,454.87,909.74,188,South
22,2023-07-11,Electronics,Laptop,2,472.41,944.82,51,North
23,2023-10-04,Home,Decor,3,480.47,1441.41,30,South
24,2023-06-10,Home,Furniture,1,265.52,265.52,11,West
25,2023-11-10,Food,Dairy,5,488.88,2444.4,108,East
26,2023-01-22,Clothing,Jacket,4,381.08,1524.32,76,South
27,2023-09-10,Home,Cookware,2,89.22,178.44,167,West
28,2023-08-24,Home,Decor,1,243.68,243.68,90,South
29,2023-12-11,Clothing,Dress,3,361.98,1085.94,123,West
30,2023-02-18,Home,Tools,2,131.2,262.4,200,West
31,2023-02-28,Electronics,Smartwatch,3,323.9,971.7,191,West
32,2023-06-19,Electronics,Smartwatch,4,336.63,1346.52,192,East
33,2023-07-07,Clothing,Jacket,5,89.72,448.6,189,South
34,2023-09-28,Food,Bakery,2,286.89,573.78,125,North
35,2023-07-09,Food,Dairy,2,388.1,776.2,182,North
36,2023-06-24,Clothing,T-Shirt,4,254.46,1017.84,122,North
37,2023-02-20,Clothing,Shoes,1,15.93,15.93,94,North
38,2023-12-30,Electronics,Headphones,5,14.43,72.15,103,West
39,2023-02-24,Food,Dairy,2,184.94,369.88,186,South
40,2023-09-01,Home,Cookware,5,463.84,2319.2,184,South
41,2023-11-16,Electronics,Laptop,2,122.05,244.1,162,East
42,2023-05-11,Clothing,Dress,5,320.84,1604.2,31,South
43,2023-11-03,Food,Beverages,3,118.82,356.46,52,South
44,2023-05-15,Home,Tools,2,167.62,335.24,89,South
45,2023-01-21,Home,Furniture,5,425.54,2127.7,76,East
46,2023-11-25,Electronics,Smartphone,1,367.14,367.14,129,North
47,2023-06-16,Food,Snacks,3,56.75,170.25,183,South
48,2023-10-01,Food,Bakery,3,220.06,660.18,22,East
49,2023-03-30,Clothing,Jeans,1,24.29,24.29,40,East
50,2023-11-12,Food,Bakery,5,245.64,1228.2,101,West
51,2023-01-14,Food,Dairy,4,334.59,1338.36,111,East
52,2023-08-30,Electronics,Tablet,1,68.07,68.07,129,North
53,2023-09-22,Food,Snacks,5,151.55,757.75,65,South
54,2023-12-12,Home,Cookware,1,204.94,204.94,191,East
55,2023-02-22,Electronics,Smartwatch,1,460.57,460.57,182,North
56,2023-12-06,Electronics,Smartwatch,2,496.69,993.38,170,East
57,2023-04-02,Clothing,Jacket,5,32.01,160.05,149,East
58,2023-09-21,Food,Beverages,4,382.89,1531.56,79,East
59,2023-02-04,Clothing,Dress,2,192.14,384.28,22,East
60,2023-07-25,Home,Furniture,1,202.3,202.3,166,East
61,2023-03-22,Electronics,Smartwatch,1,379.59,379.59,99,North
62,2023-02-19,Electronics,Tablet,1,460.03,460.03,8,South
63,2023-12-26,Electronics,Smartwatch,5,475.96,2379.8,190,South
64,2023-01-02,Home,Decor,5,292.79,1463.95,175,South
65,2023-02-23,Home,Bedding,2,184.99,369.98,17,South
66,2023-04-16,Clothing,Jacket,4,395.9,1583.6,17,North
67,2023-09-17,Clothing,Dress,2,132.99,265.98,90,West
68,2023-11-06,Clothing,T-Shirt,3,286.4,859.2,141,West
69,2023-07-10,Food,Snacks,1,185.7,185.7,145,North
70,2023-08-06,Electronics,Tablet,1,331.75,331.75,166,North
71,2023-02-13,Electronics,Tablet,1,127.8,127.8,81,East
72,2023-06-11,Clothing,Dress,2,103.88,207.76,78,East
73,2023-07-21,Electronics,Smartphone,2,459.94,919.88,173,East
74,2023-09-27,Clothing,T-Shirt,1,59.88,59.88,6,South
75,2023-12-17,Food,Bakery,2,257.92,515.84,163,East
76,2023-10-31,Food,Fruits,5,118.22,591.1,110,West
77,2023-09-28,Home,Tools,5,29.08,145.4,14,South
78,2023-08-03,Food,Beverages,2,27.65,55.3,72,East
79,2023-09-09,Clothing,Jacket,1,95.86,95.86,189,South
80,2023-07-09,Food,Fruits,2,434.72,869.44,143,West
81,2023-10-23,Home,Cookware,2,148.41,296.82,54,East
82,2023-08-01,Electronics,Smartwatch,2,475.72,951.44,27,West
83,2023-07-27,Clothing,Jeans,3,294.99,884.97,13,West
84,2023-08-25,Electronics,Laptop,5,223.94,1119.7,159,West
85,2023-12-04,Home,Furniture,4,294.24,1176.96,163,East
86,2023-02-22,Home,Tools,4,263.18,1052.72,60,North
87,2023-10-07,Home,Cookware,3,381.8,1145.4,6,East
88,2023-08-05,Electronics,Smartphone,2,148.42,296.84,197,West
89,2023-09-09,Electronics,Tablet,3,182.99,548.97,58,East
90,2023-07-07,Electronics,Smartphone,3,448.11,1344.33,49,West
91,2023-02-10,Electronics,Headphones,1,473.76,473.76,151,North
92,2023-06-06,Home,Furniture,5,447.35,2236.75,162,South
93,2023-01-15,Home,Cookware,4,215.53,862.12,26,North
94,2023-10-28,Clothing,T-Shirt,2,392.38,784.76,47,North
95,2023-03-06,Clothing,Dress,4,243.4,973.6,5,South
96,2023-12-11,Electronics,Smartphone,4,253.79,1015.16,20,East
97,2023-11-23,Food,Bakery,5,110.29,551.45,134,South
98,2023-01-09,Food,Bakery,4,299.65,1198.6,198,East
99,2023-12-10,Home,Cookware,4,101.21,404.84,59,East
100,2023-05-09,Home,Bedding,3,172.47,517.41,192,West
101,2023-05-16,Home,Bedding,5,428.96,2144.8,146,West
102,2023-03-04,Clothing,Dress,1,111.47,111.47,132,South
103,2023-05-19,Clothing,T-Shirt,2,44.87,89.74,17,North
104,2023-03-22,Home,Bedding,4,43.81,175.24,14,South
105,2023-06-12,Home,Cookware,2,470.98,941.96,13,East
106,2023-10-16,Home,Cookware,1,258.39,258.39,135,West
107,2023-09-18,Food,Snacks,2,210.61,421.22,128,South
108,2023-08-19,Clothing,Shoes,1,407.33,407.33,44,South
109,2023-02-10,Food,Snacks,3,419.55,1258.65,119,West
110,2023-01-28,Food,Fruits,4,172.77,691.08,143,West
111,2023-05-15,Home,Decor,1,349.87,349.87,19,West
112,2023-07-20,Home,Bedding,2,387.85,775.7,63,East
113,2023-11-24,Electronics,Laptop,4,330.78,1323.12,163,West
114,2023-09-25,Electronics,Laptop,3,84.28,252.84,81,North
115,2023-02-02,Food,Beverages,4,439.18,1756.72,163,South
116,2023-02-17,Clothing,Jeans,1,274.16,274.16,147,West
117,2023-03-03,Home,Bedding,3,148.41,445.23,148,West
118,2023-08-04,Home,Bedding,2,218.36,436.72,100,East
119,2023-10-20,Food,Bakery,3,28.41,85.23,163,East
120,2023-04-09,Electronics,Smartphone,3,72.65,217.95,160,South
121,2023-06-21,Clothing,Jacket,5,385.12,1925.6,122,North
122,2023-12-26,Electronics,Smartwatch,3,10.01,30.03,176,South
123,2023-08-02,Electronics,Headphones,3,214.12,642.36,44,West
124,2023-02-04,Electronics,Headphones,4,266.03,1064.12,104,North
125,2023-08-15,Electronics,Smartphone,2,36.77,73.54,152,North
126,2023-04-11,Home,Cookware,4,486.81,1947.24,61,North
127,2023-05-11,Home,Cookware,4,120.8,483.2,125,North
128,2023-09-14,Electronics,Laptop,1,159.06,159.06,145,South
129,2023-01-05,Clothing,Dress,4,158.93,635.72,71,East
130,2023-08-06,Food,Beverages,5,122.9,614.5,107,East
131,2023-09-12,Clothing,Dress,5,10.72,53.6,50,West
132,2023-12-25,Clothing,Dress,1,367.38,367.38,65,East
133,2023-10-10,Clothing,Jacket,2,483.75,967.5,99,East
134,2023-07-26,Electronics,Headphones,2,119.9,239.8,32,East
135,2023-01-15,Home,Decor,4,334.89,1339.56,164,East
136,2023-12-12,Clothing,Dress,4,373.53,1494.12,141,West
137,2023-02-11,Electronics,Laptop,4,425.73,1702.92,198,South
138,2023-06-28,Clothing,Jeans,2,217.09,434.18,58,North
139,2023-03-04,Clothing,Jacket,3,158.44,475.32,128,East
140,2023-12-18,Electronics,Smartphone,5,169.39,846.95,142,South
141,2023-08-19,Home,Decor,3,359.18,1077.54,165,East
142,2023-08-29,Home,Bedding,3,410.22,1230.66,112,East
143,2023-02-21,Food,Dairy,2,98.99,197.98,68,North
144,2023-04-06,Electronics,Laptop,3,191.76,575.28,40,North
145,2023-08-10,Food,Bakery,1,451.95,451.95,187,North
146,2023-08-19,Food,Bakery,4,405.28,1621.12,144,East
147,2023-08-25,Food,Fruits,1,492.58,492.58,190,East
148,2023-05-23,Home,Cookware,5,379.58,1897.9,132,East
149,2023-06-20,Electronics,Smartwatch,4,202.67,810.68,173,North
150,2023-01-29,Food,Dairy,3,299.41,898.23,90,West
151,2023-02-05,Electronics,Laptop,5,333.9,1669.5,28,South
152,2023-01-13,Electronics,Headphones,4,48.44,193.76,96,West
153,2023-06-09,Home,Decor,3,276.8,830.4,194,East
154,2023-11-23,Food,Fruits,1,357.57,357.57,31,East
155,2023-07-06,Food,Fruits,4,91.99,367.96,3,West
156,2023-08-31,Electronics,Smartwatch,3,392.51,1177.53,136,East
157,2023-03-27,Clothing,Jacket,1,296.05,296.05,24,South
158,2023-10-11,Home,Decor,5,476.59,2382.95,15,East
159,2023-03-07,Home,Bedding,5,30.79,153.95,171,South
160,2023-06-19,Home,Bedding,5,140.01,700.05,159,West
161,2023-02-14,Home,Furniture,5,304.76,1523.8,45,West
162,2023-03-03,Food,Fruits,2,155.31,310.62,194,East
163,2023-05-14,Food,Snacks,4,360.07,1440.28,8,South
164,2023-10-11,Clothing,Jacket,4,381.91,1527.64,71,East
165,2023-01-28,Home,Furniture,2,60.23,120.46,108,North
166,2023-04-18,Home,Decor,3,261.79,785.37,115,North
167,2023-02-13,Electronics,Laptop,3,259.36,778.08,103,North
168,2023-12-06,Food,Dairy,5,190.95,954.75,125,North
169,2023-10-13,Home,Furniture,1,467.13,467.13,57,East
170,2023-11-27,Clothing,Shoes,3,415.48,1246.44,30,North
171,2023-05-08,Clothing,Shoes,1,351.63,351.63,146,South
172,2023-12-14,Food,Snacks,4,360.02,1440.08,114,West
173,2023-08-19,Clothing,Dress,1,236.24,236.24,197,West
174,2023-07-09,Clothing,T-Shirt,4,461.29,1845.16,117,North
175,2023-08-13,Food,Fruits,2,350.35,700.7,167,North
176,2023-10-10,Home,Bedding,2,367.2,734.4,60,North
177,2023-05-01,Home,Tools,5,432.23,2161.15,98,East
178,2023-04-26,Clothing,Dress,3,144.3,432.9,171,West
179,2023-08-21,Clothing,Shoes,5,405.46,2027.3,126,North
180,2023-09-16,Home,Decor,4,105.67,422.68,173,South
181,2023-12-25,Food,Bakery,5,179.22,896.1,151,North
182,2023-07-17,Clothing,Dress,1,174.45,174.45,197,West
183,2023-05-17,Electronics,Tablet,4,489.48,1957.92,94,North
184,2023-11-14,Food,Bakery,2,429.7,859.4,134,West
185,2023-06-14,Clothing,Jeans,3,353.57,1060.71,184,North
186,2023-08-13,Clothing,T-Shirt,4,366.26,1465.04,122,South
187,2023-11-03,Electronics,Headphones,4,285.42,1141.68,108,North
188,2023-08-22,Electronics,Smartphone,1,474.07,474.07,4,South
189,2023-06-21,Home,Decor,3,253.17,759.51,93,South
190,2023-06-01,Food,Beverages,2,196.45,392.9,151,North
191,2023-11-11,Food,Fruits,4,89.89,359.56,6,South
192,2023-06-09,Home,Bedding,4,395.24,1580.96,32,East
193,2023-04-06,Food,Bakery,1,369.88,369.88,106,North
194,2023-08-21,Food,Beverages,5,198.33,991.65,146,North
195,2023-06-29,Food,Beverages,2,22.34,44.68,15,South
196,2023-04-23,Food,Bakery,3,421.11,1263.33,168,South
197,2023-11-14,Food,Beverages,4,15.59,62.36,122,North
198,2023-02-21,Electronics,Headphones,4,354.81,1419.24,96,East
199,2023-09-25,Food,Dairy,2,485.43,970.86,6,South
200,2023-10-22,Electronics,Laptop,5,224.45,1122.25,112,South
201,2023-04-23,Food,Fruits,4,125.14,500.56,120,West
202,2023-04-11,Home,Decor,2,355.39,710.78,123,East
203,2023-04-23,Clothing,Jacket,1,410.39,410.39,191,East
204,2023-03-22,Electronics,Smartwatch,5,277.75,1388.75,67,North
205,2023-07-06,Food,Beverages,3,483.85,1451.55,106,East
206,2023-04-23,Home,Tools,4,35.32,141.28,139,North
207,2023-01-02,Clothing,T-Shirt,2,257.35,514.7,43,West
208,2023-05-10,Electronics,Headphones,1,362.04,362.04,145,East
209,2023-08-08,Clothing,Jeans,3,432.69,1298.07,96,South
210,2023-02-23,Home,Decor,2,97.84,195.68,132,West
211,2023-12-09,Electronics,Laptop,2,402.0,804.0,191,North
212,2023-08-12,Clothing,Dress,3,280.83,842.49,196,West
213,2023-08-13,Food,Beverages,1,204.31,204.31,81,North
214,2023-05-06,Electronics,Smartwatch,1,74.54,74.54,41,West
215,2023-05-10,Clothing,Shoes,5,433.99,2169.95,133,North
216,2023-02-22,Home,Tools,4,87.06,348.24,160,East
217,2023-06-21,Home,Cookware,3,161.8,485.4,198,South
218,2023-08-06,Electronics,Tablet,3,152.12,456.36,35,North
219,2023-06-09,Clothing,Shoes,3,436.99,1310.97,22,West
220,2023-07-17,Electronics,Smartphone,1,339.62,339.62,193,North
221,2023-09-04,Electronics,Tablet,4,400.37,1601.48,150,North
222,2023-11-20,Clothing,Jeans,5,132.73,663.65,112,North
223,2023-07-22,Clothing,T-Shirt,2,316.19,632.38,11,West
224,2023-07-03,Food,Dairy,2,290.16,580.32,3,South
225,2023-05-03,Clothing,T-Shirt,3,418.09,1254.27,137,East
226,2023-09-12,Home,Cookware,4,453.98,1815.92,60,South
227,2023-10-21,Electronics,Tablet,1,15.96,15.96,76,North
228,2023-10-07,Electronics,Laptop,4,340.27,1361.08,87,West
229,2023-11-21,Home,Furniture,4,35.4,141.6,14,South
230,2023-04-08,Clothing,Shoes,1,278.94,278.94,18,North
231,2023-07-17,Home,Tools,3,150.94,452.82,113,East
232,2023-08-28,Home,Cookware,4,160.32,641.28,73,East
233,2023-05-24,Food,Bakery,2,182.95,365.9,23,East
234,2023-04-07,Home,Decor,1,314.43,314.43,83,North
235,2023-07-20,Electronics,Smartwatch,5,173.68,868.4,125,West
236,2023-05-04,Home,Furniture,3,369.02,1107.06,175,South
237,2023-07-06,Electronics,Laptop,1,208.22,208.22,69,East
238,2023-11-22,Electronics,Headphones,5,43.49,217.45,47,North
239,2023-12-15,Electronics,Laptop,5,394.04,1970.2,116,North
240,2023-09-16,Clothing,Shoes,4,150.02,600.08,30,South
241,2023-05-28,Food,Beverages,4,222.06,888.24,25,East
242,2023-09-09,Electronics,Tablet,4,345.87,1383.48,156,North
243,2023-12-12,Electronics,Smartphone,1,172.9,172.9,112,South
244,2023-05-27,Clothing,T-Shirt,1,37.73,37.73,25,West
245,2023-05-28,Electronics,Smartwatch,3,193.22,579.66,74,West
246,2023-12-18,Home,Decor,4,472.78,1891.12,58,West
247,2023-07-18,Home,Furniture,5,324.45,1622.25,94,East
248,2023-11-04,Food,Bakery,2,339.02,678.04,119,South
249,2023-05-08,Electronics,Smartphone,3,319.82,959.46,127,South
250,2023-02-08,Clothing,T-Shirt,1,107.51,107.51,169,North
251,2023-12-04,Home,Decor,3,214.98,644.94,25,North
252,2023-12-26,Clothing,Dress,3,377.96,1133.88,78,North
253,2023-05-09,Clothing,T-Shirt,3,59.67,179.01,99,South
254,2023-09-24,Home,Furniture,3,146.15,438.45,116,North
255,2023-05-31,Clothing,Shoes,2,145.4,290.8,48,South
256,2023-10-25,Home,Tools,4,221.69,886.76,10,South
257,2023-04-09,Clothing,Dress,5,490.38,2451.9,99,West
258,2023-09-20,Home,Tools,3,43.08,129.24,11,North
259,2023-09-09,Electronics,Smartphone,3,264.16,792.48,85,West
260,2023-05-24,Food,Snacks,3,97.89,293.67,149,East
261,2023-12-12,Home,Decor,4,485.63,1942.52,173,East
262,2023-04-22,Home,Decor,1,65.52,65.52,135,East
263,2023-03-01,Food,Bakery,1,207.76,207.76,192,South
264,2023-01-02,Home,Furniture,2,371.56,743.12,126,South
265,2023-10-31,Home,Tools,1,355.23,355.23,64,South
266,2023-09-11,Clothing,Dress,3,217.14,651.42,2,North
267,2023-05-20,Food,Beverages,3,179.8,539.4,76,West
268,2023-02-06,Electronics,Laptop,3,204.83,614.49,121,South
269,2023-06-09,Home,Cookware,2,139.5,279.0,42,West
270,2023-01-09,Food,Fruits,3,110.61,331.83,54,West
271,2023-08-21,Clothing,Dress,1,246.69,246.69,75,West
272,2023-04-09,Electronics,Laptop,4,141.58,566.32,16,North
273,2023-05-27,Food,Fruits,4,150.86,603.44,18,North
274,2023-10-31,Electronics,Smartphone,5,331.81,1659.05,187,East
275,2023-07-27,Electronics,Headphones,1,484.58,484.58,90,East
276,2023-05-11,Electronics,Smartwatch,3,305.78,917.34,144,West
277,2023-06-01,Home,Tools,4,47.72,190.88,6,East
278,2023-02-23,Home,Furniture,1,47.04,47.04,185,West
279,2023-04-30,Clothing,Shoes,4,476.2,1904.8,108,North
280,2023-06-10,Clothing,T-Shirt,3,155.67,467.01,175,North
281,2023-04-26,Food,Snacks,4,55.11,220.44,48,North
282,2023-03-16,Clothing,Jacket,5,303.53,1517.65,42,South
283,2023-04-23,Electronics,Tablet,5,315.59,1577.95,76,West
284,2023-04-14,Electronics,Laptop,4,327.77,1311.08,188,North
285,2023-12-06,Home,Decor,1,141.03,141.03,77,West
286,2023-09-11,Electronics,Smartwatch,1,17.4,17.4,132,East
287,2023-08-15,Food,Beverages,1,482.86,482.86,130,East
288,2023-04-22,Electronics,Headphones,4,132.94,531.76,59,North
289,2023-04-09,Electronics,Headphones,1,341.25,341.25,155,West
290,2023-06-02,Food,Beverages,3,356.25,1068.75,27,North
291,2023-12-15,Clothing,T-Shirt,5,308.9,1544.5,79,East
292,2023-12-04,Clothing,Jeans,3,163.32,489.96,72,North
293,2023-07-13,Food,Fruits,1,142.84,142.84,7,West
294,2023-11-06,Home,Cookware,3,302.86,908.58,191,East
295,2023-06-12,Electronics,Headphones,1,434.39,434.39,111,South
296,2023-07-27,Food,Beverages,4,473.9,1895.6,119,East
297,2023-06-18,Electronics,Tablet,3,61.89,185.67,174,South
298,2023-06-10,Home,Decor,4,85.87,343.48,63,North
299,2023-03-09,Electronics,Smartwatch,4,472.92,1891.68,124,North
300,2023-10-16,Food,Bakery,2,370.9,741.8,12,West
301,2023-10-04,Electronics,Laptop,1,442.67,442.67,141,South
302,2023-10-31,Clothing,Jeans,5,109.29,546.45,43,North
303,2023-05-15,Home,Decor,1,297.92,297.92,17,South
304,2023-07-14,Home,Bedding,5,353.56,1767.8,63,North
305,2023-05-08,Home,Tools,1,343.25,343.25,120,East
306,2023-02-02,Food,Snacks,4,209.99,839.96,36,North
307,2023-06-25,Home,Tools,3,17.54,52.62,8,West
308,2023-01-22,Clothing,Shoes,3,295.63,886.89,69,East
309,2023-08-26,Food,Beverages,2,134.02,268.04,90,West
310,2023-06-07,Clothing,T-Shirt,5,230.62,1153.1,36,East
311,2023-02-07,Electronics,Laptop,5,479.21,2396.05,28,South
312,2023-08-18,Electronics,Headphones,5,205.53,1027.65,118,West
313,2023-12-31,Electronics,Laptop,4,421.5,1686.0,93,North
314,2023-02-20,Electronics,Laptop,5,102.38,511.9,175,South
315,2023-09-21,Clothing,Jeans,3,339.51,1018.53,76,North
316,2023-10-10,Food,Snacks,4,488.73,1954.92,101,East
317,2023-01-27,Food,Beverages,1,59.93,59.93,158,East
318,2023-08-14,Home,Cookware,5,14.08,70.4,151,North
319,2023-10-04,Clothing,Dress,5,222.46,1112.3,144,North
320,2023-10-13,Electronics,Headphones,1,55.39,55.39,14,South
321,2023-04-07,Clothing,T-Shirt,5,376.71,1883.55,71,North
322,2023-10-11,Home,Decor,1,458.13,458.13,180,West
323,2023-11-13,Home,Cookware,4,222.67,890.68,124,West
324,2023-10-31,Clothing,T-Shirt,3,136.77,410.31,125,North
325,2023-05-27,Clothing,Jacket,1,222.86,222.86,37,West
326,2023-01-04,Clothing,Shoes,2,364.49,728.98,29,North
327,2023-02-04,Food,Fruits,1,14.44,14.44,195,South
328,2023-07-11,Electronics,Smartphone,5,298.83,1494.15,143,West
329,2023-02-18,Clothing,Jeans,4,310.51,1242.04,175,West
330,2023-01-17,Clothing,Dress,4,322.47,1289.88,174,North
331,2023-06-21,Clothing,Jeans,1,128.59,128.59,180,West
332,2023-08-08,Home,Bedding,3,359.89,1079.67,19,East
333,2023-06-07,Home,Cookware,2,54.78,109.56,106,South
334,2023-02-15,Food,Snacks,4,107.64,430.56,21,South
335,2023-01-06,Electronics,Smartphone,5,439.96,2199.8,64,West
336,2023-04-09,Food,Snacks,5,371.97,1859.85,165,West
337,2023-08-21,Electronics,Smartwatch,3,16.74,50.22,27,East
338,2023-02-06,Home,Cookware,4,131.7,526.8,55,East
339,2023-10-07,Home,Tools,1,115.06,115.06,29,West
340,2023-12-15,Home,Tools,5,142.7,713.5,148,West
341,2023-10-29,Food,Snacks,3,131.3,393.9,25,East
342,2023-06-30,Clothing,Jacket,4,40.64,162.56,70,North
343,2023-04-05,Clothing,Dress,4,234.88,939.52,63,East
344,2023-04-09,Home,Bedding,4,369.04,1476.16,164,North
345,2023-07-07,Clothing,Shoes,4,307.3,1229.2,130,South
346,2023-04-26,Clothing,Dress,4,339.71,1358.84,150,South
347,2023-07-10,Food,Dairy,5,49.76,248.8,16,East
348,2023-09-10,Electronics,Laptop,3,476.23,1428.69,146,North
349,2023-06-10,Home,Bedding,4,420.86,1683.44,197,East
350,2023-09-13,Home,Tools,2,404.49,808.98,182,East
351,2023-11-19,Food,Snacks,2,413.26,826.52,100,North
352,2023-05-08,Food,Dairy,3,467.03,1401.09,30,East
353,2023-01-18,Clothing,Shoes,1,276.68,276.68,45,South
354,2023-10-08,Home,Furniture,1,108.14,108.14,19,West
355,2023-08-11,Electronics,Smartphone,1,312.22,312.22,34,West
356,2023-02-23,Food,Snacks,2,374.01,748.02,141,East
357,2023-02-27,Electronics,Smartwatch,1,371.58,371.58,171,North
358,2023-11-19,Electronics,Smartphone,5,265.51,1327.55,62,North
359,2023-12-26,Home,Decor,4,43.54,174.16,118,South
360,2023-06-23,Home,Bedding,2,191.85,383.7,100,North
361,2023-10-07,Food,Fruits,3,461.18,1383.54,22,North
362,2023-04-24,Home,Furniture,3,296.38,889.14,180,South
363,2023-10-15,Home,Decor,4,273.78,1095.12,180,East
364,2023-12-08,Home,Tools,2,141.74,283.48,111,West
365,2023-05-31,Electronics,Smartphone,1,190.54,190.54,164,South
366,2023-05-07,Food,Snacks,1,448.72,448.72,73,East
367,2023-06-04,Clothing,T-Shirt,5,336.57,1682.85,147,South
368,2023-09-30,Electronics,Smartphone,5,395.82,1979.1,38,East
369,2023-04-14,Home,Furniture,1,232.63,232.63,70,South
370,2023-10-26,Electronics,Tablet,3,318.82,956.46,116,East
371,2023-09-03,Home,Bedding,3,131.71,395.13,79,South
372,2023-06-25,Home,Furniture,5,355.68,1778.4,185,East
373,2023-02-08,Electronics,Headphones,4,219.52,878.08,148,South
374,2023-06-19,Food,Beverages,1,226.85,226.85,9,West
375,2023-09-04,Home,Bedding,5,328.17,1640.85,32,West
376,2023-01-26,Food,Snacks,5,468.78,2343.9,132,North
377,2023-12-21,Clothing,Jacket,1,41.36,41.36,50,East
378,2023-11-02,Home,Tools,1,414.12,414.12,82,South
379,2023-01-13,Food,Beverages,3,153.27,459.81,5,East
380,2023-11-12,Food,Beverages,4,227.52,910.08,148,West
381,2023-11-09,Clothing,Dress,4,20.74,82.96,87,East
382,2023-02-05,Food,Fruits,1,157.51,157.51,126,South
383,2023-06-22,Food,Fruits,2,256.29,512.58,75,East
384,2023-01-20,Clothing,Jeans,5,37.53,187.65,165,South
385,2023-11-17,Home,Cookware,5,250.64,1253.2,22,West
386,2023-09-21,Food,Bakery,1,464.28,464.28,186,West
387,2023-05-22,Food,Fruits,2,61.64,123.28,68,West
388,2023-05-23,Food,Beverages,3,384.58,1153.74,44,North
389,2023-04-02,Electronics,Smartwatch,1,210.74,210.74,34,West
390,2023-12-20,Clothing,Dress,1,331.04,331.04,77,East
391,2023-11-18,Electronics,Tablet,5,137.52,687.6,42,North
392,2023-10-15,Clothing,Jacket,1,88.15,88.15,137,West
393,2023-08-03,Home,Bedding,1,88.63,88.63,106,East
394,2023-12-08,Home,Decor,1,44.54,44.54,95,East
395,2023-02-20,Food,Dairy,5,100.97,504.85,135,East
396,2023-06-02,Clothing,Jacket,3,335.47,1006.41,68,South
397,2023-07-05,Home,Tools,3,442.03,1326.09,147,North
398,2023-03-04,Clothing,Shoes,1,408.92,408.92,159,East
399,2023-07-09,Home,Furniture,5,345.72,1728.6,128,South
400,2023-05-05,Electronics,Smartwatch,3,64.11,192.33,163,West
401,2023-05-30,Home,Decor,3,151.7,455.1,185,East
402,2023-11-10,Electronics,Smartphone,3,161.81,485.43,85,South
403,2023-02-27,Home,Decor,5,132.48,662.4,189,East
404,2023-12-08,Food,Dairy,5,262.35,1311.75,159,North
405,2023-11-01,Electronics,Headphones,1,272.42,272.42,83,North
406,2023-06-29,Home,Decor,4,184.87,739.48,95,West
407,2023-06-19,Food,Fruits,3,183.36,550.08,181,East
408,2023-11-22,Electronics,Smartwatch,4,415.99,1663.96,32,South
409,2023-09-28,Food,Dairy,5,396.75,1983.75,66,West
410,2023-02-23,Clothing,Jeans,5,160.82,804.1,187,East
411,2023-04-11,Clothing,Shoes,5,457.76,2288.8,116,West
412,2023-09-21,Electronics,Tablet,4,476.88,1907.52,138,South
413,2023-02-22,Home,Tools,5,170.1,850.5,130,West
414,2023-03-01,Electronics,Tablet,1,183.67,183.67,194,West
415,2023-04-18,Food,Dairy,5,257.76,1288.8,60,West
416,2023-01-05,Home,Tools,2,471.15,942.3,17,East
417,2023-04-13,Clothing,Dress,4,439.4,1757.6,96,South
418,2023-07-15,Home,Furniture,2,60.26,120.52,144,North
419,2023-09-19,Clothing,Jeans,5,202.44,1012.2,16,East
420,2023-12-31,Home,Decor,1,281.15,281.15,46,North
421,2023-12-16,Home,Bedding,3,256.53,769.59,167,North
422,2023-02-16,Home,Bedding,5,104.99,524.95,159,East
423,2023-12-21,Food,Snacks,1,430.82,430.82,107,East
424,2023-11-07,Food,Fruits,4,341.7,1366.8,88,South
425,2023-11-04,Electronics,Tablet,2,420.58,841.16,129,South
426,2023-05-24,Electronics,Laptop,2,430.79,861.58,139,West
427,2023-09-26,Clothing,T-Shirt,2,376.69,753.38,119,North
428,2023-05-04,Food,Dairy,4,225.21,900.84,85,South
429,2023-04-16,Clothing,Dress,1,309.17,309.17,4,West
430,2023-06-07,Electronics,Laptop,4,88.58,354.32,71,South
431,2023-05-27,Clothing,Shoes,2,340.09,680.18,154,East
432,2023-05-25,Electronics,Smartphone,5,97.83,489.15,111,South
433,2023-04-30,Food,Beverages,3,350.04,1050.12,50,North
434,2023-11-15,Home,Tools,4,122.5,490.0,140,South
435,2023-10-02,Food,Beverages,4,67.6,270.4,95,North
436,2023-04-02,Clothing,Dress,1,90.99,90.99,92,East
437,2023-02-27,Clothing,Dress,1,10.98,10.98,65,North
438,2023-12-12,Food,Bakery,4,362.18,1448.72,47,South
439,2023-08-17,Food,Snacks,2,368.88,737.76,181,West
440,2023-04-27,Electronics,Tablet,3,262.32,786.96,106,East
441,2023-11-14,Clothing,Shoes,1,89.07,89.07,199,South
442,2023-10-06,Clothing,Jeans,2,50.94,101.88,130,East
443,2023-05-07,Food,Dairy,5,19.37,96.85,106,East
444,2023-05-09,Home,Tools,1,91.22,91.22,24,South
445,2023-02-27,Clothing,Shoes,2,446.52,893.04,4,South
446,2023-05-02,Home,Decor,2,128.35,256.7,108,West
447,2023-01-01,Food,Snacks,3,183.59,550.77,19,East
448,2023-08-27,Food,Beverages,3,61.62,184.86,154,East
449,2023-10-17,Electronics,Smartphone,5,118.96,594.8,40,South
450,2023-04-06,Clothing,Jeans,2,264.42,528.84,50,North
451,2023-05-06,Home,Bedding,2,307.8,615.6,171,South
452,2023-04-28,Electronics,Smartphone,3,130.22,390.66,75,East
453,2023-02-17,Clothing,Shoes,1,38.29,38.29,195,South
454,2023-03-30,Electronics,Laptop,1,201.61,201.61,12,West
455,2023-08-25,Food,Snacks,4,124.76,499.04,195,North
456,2023-09-29,Clothing,Jeans,3,117.58,352.74,27,South
457,2023-07-08,Electronics,Headphones,4,480.33,1921.32,113,West
458,2023-07-11,Electronics,Smartwatch,3,311.99,935.97,182,East
459,2023-03-10,Home,Decor,5,282.87,1414.35,194,South
460,2023-10-05,Electronics,Laptop,2,213.73,427.46,49,East
461,2023-12-15,Clothing,Jacket,5,220.18,1100.9,144,West
462,2023-09-04,Clothing,Dress,3,275.04,825.12,130,East
463,2023-03-17,Home,Decor,2,351.25,702.5,60,West
464,2023-06-03,Clothing,Jeans,1,354.05,354.05,182,West
465,2023-05-24,Food,Snacks,1,94.13,94.13,30,West
466,2023-03-27,Clothing,Jeans,4,255.06,1020.24,84,South
467,2023-07-04,Clothing,Jacket,3,211.86,635.58,166,East
468,2023-10-12,Electronics,Tablet,3,436.56,1309.68,28,East
469,2023-08-08,Electronics,Laptop,1,319.4,319.4,25,North
470,2023-03-10,Clothing,T-Shirt,5,270.93,1354.65,96,North
471,2023-02-16,Home,Bedding,2,66.54,133.08,125,North
472,2023-04-04,Electronics,Smartwatch,5,306.76,1533.8,10,North
473,2023-08-26,Home,Cookware,5,67.43,337.15,188,East
474,2023-07-23,Clothing,Jacket,1,175.23,175.23,42,West
475,2023-08-06,Clothing,Dress,1,79.99,79.99,40,West
476,2023-12-07,Food,Beverages,1,349.12,349.12,77,South
477,2023-02-08,Electronics,Smartphone,4,111.06,444.24,105,West
478,2023-04-10,Clothing,Shoes,5,202.01,1010.05,118,East
479,2023-10-16,Food,Snacks,3,448.88,1346.64,42,East
480,2023-09-11,Electronics,Smartwatch,2,110.12,220.24,47,East
481,2023-08-10,Clothing,Jacket,4,258.82,1035.28,165,South
482,2023-12-23,Clothing,Dress,3,215.44,646.32,22,North
483,2023-01-23,Electronics,Headphones,5,18.88,94.4,185,West
484,2023-09-07,Electronics,Laptop,1,398.45,398.45,107,East
485,2023-01-10,Electronics,Smartphone,5,43.83,219.15,27,East
486,2023-09-03,Clothing,Shoes,2,242.38,484.76,41,North
487,2023-11-21,Clothing,Shoes,4,284.73,1138.92,80,East
488,2023-04-10,Food,Snacks,4,317.93,1271.72,162,West
489,2023-10-17,Home,Cookware,2,347.43,694.86,160,South
490,2023-06-29,Electronics,Laptop,3,134.1,402.3,89,East
491,2023-08-11,Clothing,Jacket,3,14.89,44.67,66,West
492,2023-09-07,Clothing,Shoes,4,364.49,1457.96,12,East
493,2023-05-27,Electronics,Laptop,4,272.47,1089.88,168,North
494,2023-04-06,Home,Furniture,1,419.7,419.7,73,East
495,2023-09-14,Electronics,Laptop,3,412.48,1237.44,76,East
496,2023-11-21,Home,Tools,2,423.23,846.46,90,South
497,2023-01-04,Clothing,T-Shirt,3,247.7,743.1,10,North
498,2023-01-16,Home,Cookware,1,173.48,173.48,96,North
499,2023-10-07,Food,Dairy,4,397.86,1591.44,176,South
500,2023-12-02,Clothing,Dress,4,231.13,924.52,20,East
501,2023-09-04,Food,Dairy,1,99.89,99.89,39,West
502,2023-09-15,Electronics,Tablet,2,428.94,857.88,60,North
503,2023-06-09,Electronics,Laptop,4,442.45,1769.8,66,North
504,2023-12-06,Electronics,Laptop,5,238.49,1192.45,65,East
505,2023-06-01,Home,Tools,4,47.09,188.36,179,East
506,2023-06-27,Clothing,Dress,5,200.03,1000.15,124,North
507,2023-06-12,Electronics,Smartwatch,1,403.73,403.73,164,East
508,2023-02-02,Electronics,Smartphone,1,451.87,451.87,152,West
509,2023-06-28,Clothing,Dress,4,109.7,438.8,155,North
510,2023-04-11,Electronics,Headphones,3,42.82,128.46,130,West
511,2023-09-25,Food,Snacks,5,439.9,2199.5,159,West
512,2023-11-19,Clothing,T-Shirt,2,200.81,401.62,57,East
513,2023-03-06,Clothing,Jacket,4,275.46,1101.84,78,West
514,2023-06-17,Clothing,T-Shirt,2,484.35,968.7,194,East
515,2023-11-26,Food,Bakery,4,42.62,170.48,29,South
516,2023-02-12,Clothing,Shoes,3,327.68,983.04,15,East
517,2023-02-13,Food,Snacks,3,46.31,138.93,12,West
518,2023-10-12,Clothing,Dress,3,193.98,581.94,101,South
519,2023-01-12,Home,Bedding,3,403.87,1211.61,156,East
520,2023-04-05,Electronics,Tablet,1,222.4,222.4,84,West
521,2023-10-29,Home,Tools,1,498.62,498.62,125,North
522,2023-09-10,Electronics,Tablet,5,283.94,1419.7,103,North
523,2023-08-30,Food,Dairy,2,167.37,334.74,24,East
524,2023-02-04,Home,Tools,4,117.85,471.4,149,East
525,2023-08-03,Clothing,Jeans,4,181.76,727.04,138,North
526,2023-12-03,Electronics,Headphones,1,192.54,192.54,110,West
527,2023-03-31,Electronics,Tablet,4,43.67,174.68,78,West
528,2023-09-21,Home,Tools,1,191.09,191.09,101,West
529,2023-04-03,Food,Beverages,5,237.48,1187.4,146,East
530,2023-03-31,Home,Furniture,2,364.14,728.28,142,South
531,2023-04-25,Food,Beverages,5,331.8,1659.0,162,South
532,2023-04-15,Food,Bakery,3,357.3,1071.9,128,South
533,2023-07-15,Electronics,Laptop,3,14.1,42.3,58,South
534,2023-11-10,Home,Cookware,3,116.66,349.98,76,South
535,2023-04-24,Home,Furniture,5,334.23,1671.15,150,East
536,2023-03-16,Food,Beverages,4,247.15,988.6,198,East
537,2023-08-05,Home,Decor,2,12.6,25.2,36,South
538,2023-10-04,Clothing,Dress,3,404.2,1212.6,173,East
539,2023-09-06,Clothing,Jeans,3,388.68,1166.04,164,East
540,2023-06-13,Home,Decor,3,278.73,836.19,22,South
541,2023-12-23,Home,Tools,2,42.57,85.14,127,West
542,2023-07-11,Food,Fruits,3,385.59,1156.77,80,East
543,2023-08-15,Clothing,Shoes,2,296.02,592.04,189,West
544,2023-06-26,Clothing,T-Shirt,3,393.16,1179.48,100,East
545,2023-04-09,Electronics,Laptop,5,378.36,1891.8,184,East
546,2023-02-05,Food,Snacks,5,403.47,2017.35,96,South
547,2023-04-06,Electronics,Tablet,2,263.82,527.64,161,East
548,2023-06-01,Clothing,T-Shirt,5,78.76,393.8,173,North
549,2023-05-31,Food,Bakery,2,338.87,677.74,164,North
550,2023-07-09,Home,Decor,5,314.03,1570.15,148,South
551,2023-08-12,Food,Dairy,5,373.7,1868.5,18,West
552,2023-02-06,Home,Tools,2,93.24,186.48,38,West
553,2023-09-25,Home,Decor,4,105.54,422.16,195,West
554,2023-07-02,Food,Dairy,5,446.3,2231.5,151,North
555,2023-01-13,Home,Tools,3,377.49,1132.47,109,West
556,2023-10-06,Electronics,Tablet,4,455.03,1820.12,123,West
557,2023-08-05,Clothing,Dress,2,381.77,763.54,144,South
558,2023-12-21,Home,Cookware,4,302.61,1210.44,187,West
559,2023-12-27,Electronics,Smartphone,1,330.53,330.53,197,North
560,2023-10-13,Home,Tools,1,445.67,445.67,196,North
561,2023-09-30,Clothing,Dress,5,293.62,1468.1,149,North
562,2023-03-03,Electronics,Laptop,5,319.87,1599.35,104,South
563,2023-03-25,Clothing,T-Shirt,3,86.67,260.01,198,South
564,2023-08-05,Clothing,Shoes,4,242.22,968.88,140,East
565,2023-12-08,Electronics,Tablet,1,361.03,361.03,144,West
566,2023-07-06,Electronics,Tablet,5,142.76,713.8,81,South
567,2023-01-19,Electronics,Laptop,4,109.1,436.4,87,North
568,2023-06-26,Food,Fruits,5,163.78,818.9,142,North
569,2023-04-10,Electronics,Tablet,5,128.34,641.7,61,South
570,2023-08-21,Electronics,Smartphone,1,115.31,115.31,199,South
571,2023-03-17,Electronics,Laptop,1,218.18,218.18,46,South
572,2023-09-22,Electronics,Smartwatch,5,454.84,2274.2,32,East
573,2023-10-11,Home,Bedding,2,258.46,516.92,15,North
574,2023-07-25,Food,Snacks,5,102.08,510.4,44,East
575,2023-08-11,Clothing,Shoes,5,47.72,238.6,145,East
576,2023-02-21,Electronics,Laptop,3,351.12,1053.36,169,West
577,2023-12-05,Home,Furniture,3,197.57,592.71,54,North
578,2023-05-24,Home,Cookware,3,412.7,1238.1,44,North
579,2023-03-10,Home,Cookware,2,333.16,666.32,98,South
580,2023-04-09,Clothing,T-Shirt,2,400.16,800.32,5,South
581,2023-01-25,Electronics,Headphones,5,143.25,716.25,109,West
582,2023-02-22,Food,Dairy,3,349.26,1047.78,27,East
583,2023-05-31,Food,Bakery,2,139.39,278.78,116,South
584,2023-05-24,Home,Bedding,1,470.14,470.14,87,South
585,2023-02-26,Clothing,Dress,5,321.82,1609.1,104,North
586,2023-02-08,Clothing,Jeans,4,169.01,676.04,123,North
587,2023-04-19,Clothing,Jacket,5,142.06,710.3,79,South
588,2023-06-30,Food,Dairy,4,103.55,414.2,43,North
589,2023-02-11,Home,Decor,3,350.37,1051.11,97,West
590,2023-07-05,Electronics,Smartwatch,4,117.17,468.68,31,South
591,2023-08-11,Food,Bakery,3,301.7,905.1,99,North
592,2023-05-02,Home,Bedding,1,139.67,139.67,17,West
593,2023-05-13,Home,Decor,4,334.36,1337.44,83,North
594,2023-06-12,Electronics,Smartphone,5,409.32,2046.6,110,North
595,2023-08-03,Electronics,Laptop,3,391.23,1173.69,182,North
596,2023-08-09,Electronics,Laptop,5,382.82,1914.1,190,South
597,2023-08-23,Clothing,Shoes,2,101.98,203.96,32,East
598,2023-11-27,Electronics,Headphones,3,53.31,159.93,168,North
599,2023-05-26,Home,Bedding,4,352.48,1409.92,141,West
600,2023-08-27,Electronics,Headphones,3,190.49,571.47,35,South
601,2023-03-17,Home,Decor,5,221.85,1109.25,133,South
602,2023-01-09,Food,Snacks,1,25.26,25.26,29,West
603,2023-03-15,Clothing,Shoes,3,137.19,411.57,70,North
604,2023-09-10,Food,Dairy,4,26.5,106.0,153,East
605,2023-08-18,Food,Beverages,2,440.8,881.6,95,North
606,2023-01-07,Home,Furniture,1,129.26,129.26,22,West
607,2023-06-23,Food,Beverages,2,283.1,566.2,194,South
608,2023-05-21,Home,Furniture,3,29.1,87.3,173,East
609,2023-06-17,Electronics,Laptop,5,336.76,1683.8,69,South
610,2023-06-19,Electronics,Tablet,5,168.28,841.4,89,West
611,2023-10-10,Home,Bedding,4,449.98,1799.92,72,North
612,2023-05-02,Electronics,Laptop,5,445.18,2225.9,129,East
613,2023-07-13,Clothing,T-Shirt,1,169.39,169.39,172,South
614,2023-01-05,Food,Beverages,5,451.47,2257.35,87,South
615,2023-01-29,Clothing,T-Shirt,4,498.12,1992.48,96,South
616,2023-06-14,Food,Fruits,3,414.45,1243.35,75,North
617,2023-12-05,Electronics,Smartphone,3,423.99,1271.97,167,East
618,2023-05-16,Clothing,Dress,5,132.01,660.05,54,North
619,2023-12-31,Electronics,Smartphone,2,292.58,585.16,88,North
620,2023-11-17,Food,Fruits,3,42.96,128.88,157,North
621,2023-12-08,Home,Decor,5,56.51,282.55,54,West
622,2023-05-25,Home,Furniture,4,499.46,1997.84,16,West
623,2023-11-23,Clothing,Jacket,5,170.05,850.25,99,West
624,2023-08-05,Electronics,Smartphone,3,376.61,1129.83,20,East
625,2023-10-28,Electronics,Smartphone,4,405.27,1621.08,46,North
626,2023-05-12,Clothing,Shoes,5,430.43,2152.15,195,North
627,2023-10-19,Home,Tools,1,498.84,498.84,193,West
628,2023-03-11,Food,Beverages,4,128.33,513.32,127,North
629,2023-09-09,Clothing,Shoes,1,29.77,29.77,58,North
630,2023-10-02,Food,Beverages,2,211.48,422.96,181,South
631,2023-12-30,Home,Decor,4,73.74,294.96,111,North
632,2023-07-01,Electronics,Smartphone,1,20.99,20.99,129,South
633,2023-06-16,Home,Decor,3,186.61,559.83,81,North
634,2023-04-01,Clothing,Shoes,3,394.03,1182.09,194,East
635,2023-07-21,Electronics,Tablet,2,287.43,574.86,157,West
636,2023-12-12,Clothing,Dress,4,163.26,653.04,84,South
637,2023-01-19,Clothing,Dress,4,330.63,1322.52,70,West
638,2023-02-08,Home,Tools,4,123.69,494.76,8,South
639,2023-05-06,Clothing,Dress,2,17.05,34.1,29,South
640,2023-06-22,Home,Bedding,4,384.53,1538.12,112,South
641,2023-05-21,Electronics,Smartwatch,3,315.63,946.89,179,East
642,2023-08-30,Home,Decor,1,383.53,383.53,161,North
643,2023-08-08,Electronics,Smartwatch,3,29.08,87.24,131,South
644,2023-05-06,Home,Furniture,3,420.19,1260.57,188,East
645,2023-02-27,Food,Beverages,1,313.57,313.57,163,South
646,2023-05-28,Food,Bakery,3,286.06,858.18,197,North
647,2023-11-13,Clothing,Jacket,2,316.06,632.12,108,South
648,2023-12-27,Home,Furniture,1,433.57,433.57,109,East
649,2023-01-01,Home,Tools,3,297.6,892.8,20,North
650,2023-12-14,Electronics,Headphones,5,294.67,1473.35,73,East
651,2023-07-09,Clothing,Jeans,3,495.43,1486.29,167,North
652,2023-07-10,Home,Bedding,2,380.8,761.6,4,North
653,2023-11-08,Clothing,T-Shirt,4,226.72,906.88,19,West
654,2023-04-27,Food,Beverages,3,356.62,1069.86,102,West
655,2023-05-14,Home,Furniture,4,200.72,802.88,173,West
656,2023-02-27,Home,Bedding,5,122.15,610.75,171,North
657,2023-02-13,Clothing,Shoes,3,302.46,907.38,141,South
658,2023-06-22,Home,Cookware,1,464.81,464.81,141,East
659,2023-06-09,Clothing,Jacket,4,465.28,1861.12,188,East
660,2023-06-22,Home,Cookware,5,177.53,887.65,185,East
661,2023-11-13,Electronics,Headphones,1,268.56,268.56,86,West
662,2023-10-30,Clothing,Shoes,1,113.7,113.7,52,North
663,2023-05-29,Home,Cookware,1,497.86,497.86,111,West
664,2023-03-21,Food,Bakery,1,490.75,490.75,181,South
665,2023-08-01,Home,Furniture,3,328.26,984.78,109,North
666,2023-07-22,Food,Bakery,3,404.16,1212.48,86,East
667,2023-09-09,Food,Snacks,3,360.4,1081.2,43,West
668,2023-08-17,Electronics,Tablet,5,300.65,1503.25,200,West
669,2023-06-13,Clothing,Dress,5,36.14,180.7,200,South
670,2023-08-15,Home,Cookware,5,232.83,1164.15,42,South
671,2023-05-27,Electronics,Smartwatch,2,340.65,681.3,90,West
672,2023-01-20,Home,Decor,5,341.99,1709.95,115,South
673,2023-02-16,Food,Bakery,3,192.83,578.49,26,East
674,2023-08-21,Clothing,Shoes,3,471.43,1414.29,151,South
675,2023-11-01,Home,Decor,2,92.0,184.0,43,South
676,2023-01-14,Home,Decor,2,255.18,510.36,77,West
677,2023-05-23,Food,Bakery,5,348.53,1742.65,156,West
678,2023-01-01,Home,Bedding,4,351.6,1406.4,137,North
679,2023-02-23,Home,Tools,2,327.83,655.66,20,North
680,2023-09-16,Food,Bakery,1,144.89,144.89,184,West
681,2023-05-24,Electronics,Smartwatch,3,86.54,259.62,39,South
682,2023-01-12,Food,Dairy,1,321.61,321.61,179,South
683,2023-11-26,Electronics,Headphones,3,303.66,910.98,12,North
684,2023-08-12,Clothing,Dress,3,97.88,293.64,183,North
685,2023-09-29,Electronics,Smartwatch,2,355.52,711.04,11,North
686,2023-12-24,Electronics,Smartwatch,2,233.03,466.06,154,East
687,2023-06-05,Clothing,Shoes,1,337.2,337.2,42,East
688,2023-01-08,Electronics,Laptop,3,420.31,1260.93,155,North
689,2023-05-02,Food,Dairy,1,93.17,93.17,11,South
690,2023-12-14,Electronics,Smartwatch,4,19.38,77.52,38,North
691,2023-06-13,Clothing,Shoes,1,391.76,391.76,98,East
692,2023-03-31,Food,Beverages,5,308.75,1543.75,171,South
693,2023-05-16,Clothing,Jeans,1,352.82,352.82,19,East
694,2023-07-05,Clothing,Shoes,5,420.7,2103.5,192,South
695,2023-11-12,Home,Cookware,5,403.38,2016.9,134,East
696,2023-06-27,Home,Tools,5,480.85,2404.25,174,South
697,2023-01-28,Clothing,Shoes,4,272.61,1090.44,116,South
698,2023-08-08,Clothing,Jeans,1,249.36,249.36,113,South
699,2023-12-23,Clothing,Jeans,1,206.92,206.92,170,South
700,2023-02-10,Home,Tools,4,85.31,341.24,65,West
701,2023-08-16,Home,Tools,3,290.58,871.74,99,East
702,2023-07-11,Electronics,Smartwatch,2,145.74,291.48,72,East
703,2023-05-25,Electronics,Laptop,1,461.44,461.44,187,West
704,2023-07-20,Clothing,Shoes,2,295.76,591.52,52,South
705,2023-07-31,Food,Fruits,4,300.49,1201.96,118,South
706,2023-08-08,Food,Bakery,3,183.91,551.73,175,East
707,2023-08-28,Home,Cookware,3,35.47,106.41,120,West
708,2023-02-15,Home,Furniture,3,25.55,76.65,7,South
709,2023-02-04,Home,Cookware,4,217.43,869.72,11,South
710,2023-09-10,Clothing,Dress,5,51.44,257.2,103,South
711,2023-03-23,Food,Dairy,5,307.36,1536.8,61,North
712,2023-09-13,Electronics,Smartwatch,2,441.68,883.36,68,West
713,2023-07-16,Clothing,Dress,5,442.63,2213.15,153,South
714,2023-10-30,Electronics,Smartwatch,5,332.93,1664.65,140,North
715,2023-01-10,Electronics,Laptop,3,113.5,340.5,154,West
716,2023-11-08,Clothing,Dress,3,432.87,1298.61,102,South
717,2023-10-13,Electronics,Laptop,2,444.19,888.38,110,East
718,2023-08-30,Food,Bakery,1,106.36,106.36,140,North
719,2023-09-08,Electronics,Tablet,2,371.34,742.68,171,North
720,2023-12-31,Food,Beverages,2,150.39,300.78,51,South
721,2023-01-05,Food,Dairy,4,403.29,1613.16,117,South
722,2023-04-29,Food,Snacks,4,498.65,1994.6,165,North
723,2023-10-16,Home,Tools,2,24.71,49.42,46,East
724,2023-03-06,Electronics,Tablet,2,449.71,899.42,53,East
725,2023-05-26,Clothing,Shoes,2,315.09,630.18,88,West
726,2023-08-12,Clothing,Jeans,5,486.96,2434.8,121,South
727,2023-08-27,Electronics,Smartwatch,4,237.85,951.4,13,East
728,2023-06-26,Home,Bedding,2,425.22,850.44,89,West
729,2023-09-24,Home,Tools,3,40.57,121.71,125,East
730,2023-12-07,Food,Snacks,3,174.29,522.87,118,South
731,2023-10-09,Electronics,Smartphone,5,42.84,214.2,54,West
732,2023-03-04,Electronics,Smartphone,5,487.92,2439.6,185,West
733,2023-08-05,Clothing,T-Shirt,1,410.32,410.32,116,West
734,2023-12-08,Electronics,Smartphone,1,427.75,427.75,118,East
735,2023-11-11,Home,Cookware,1,469.6,469.6,4,South
736,2023-10-10,Electronics,Laptop,5,51.7,258.5,75,West
737,2023-06-26,Clothing,Dress,5,198.94,994.7,49,North
738,2023-04-08,Food,Fruits,5,44.81,224.05,7,South
739,2023-04-15,Clothing,T-Shirt,3,113.29,339.87,110,North
740,2023-04-09,Clothing,Jeans,5,122.39,611.95,122,North
741,2023-11-07,Food,Beverages,3,239.86,719.58,11,West
742,2023-01-06,Clothing,Jeans,1,141.6,141.6,92,West
743,2023-07-16,Clothing,Dress,1,59.48,59.48,182,East
744,2023-12-17,Electronics,Smartwatch,1,92.07,92.07,173,East
745,2023-05-13,Electronics,Tablet,2,82.17,164.34,23,East
746,2023-12-24,Food,Dairy,2,486.81,973.62,28,South
747,2023-09-16,Electronics,Laptop,4,382.05,1528.2,111,East
748,2023-01-23,Electronics,Headphones,4,484.2,1936.8,57,North
749,2023-02-22,Clothing,T-Shirt,4,225.47,901.88,26,East
750,2023-06-14,Home,Cookware,2,146.4,292.8,153,West
751,2023-07-21,Electronics,Tablet,2,401.16,802.32,54,East
752,2023-03-24,Home,Tools,4,169.86,679.44,29,South
753,2023-05-25,Electronics,Headphones,4,156.7,626.8,97,South
754,2023-03-26,Electronics,Smartwatch,5,123.93,619.65,164,North
755,2023-03-19,Food,Bakery,4,73.54,294.16,14,South
756,2023-01-01,Food,Snacks,5,135.67,678.35,78,East
757,2023-02-20,Food,Fruits,3,184.11,552.33,35,West
758,2023-06-22,Home,Tools,2,340.26,680.52,30,South
759,2023-07-24,Clothing,T-Shirt,4,40.66,162.64,92,North
760,2023-09-17,Electronics,Headphones,2,113.15,226.3,17,East
761,2023-10-15,Electronics,Smartphone,2,406.42,812.84,195,North
762,2023-02-03,Electronics,Smartwatch,2,81.99,163.98,158,South
763,2023-12-14,Home,Furniture,3,177.9,533.7,93,South
764,2023-04-05,Food,Dairy,1,433.68,433.68,173,North
765,2023-03-13,Clothing,T-Shirt,4,85.91,343.64,79,East
766,2023-02-08,Home,Tools,1,50.54,50.54,110,South
767,2023-06-03,Food,Bakery,1,247.42,247.42,179,West
768,2023-09-07,Home,Tools,1,158.19,158.19,102,South
769,2023-06-11,Clothing,Jeans,2,286.07,572.14,106,East
770,2023-04-28,Food,Bakery,5,403.86,2019.3,47,South
771,2023-09-16,Home,Furniture,2,77.2,154.4,181,North
772,2023-11-02,Clothing,Dress,2,294.54,589.08,64,South
773,2023-09-25,Electronics,Headphones,1,257.7,257.7,166,South
774,2023-02-23,Clothing,Jacket,2,80.6,161.2,64,East
775,2023-08-24,Electronics,Tablet,1,315.76,315.76,87,North
776,2023-08-10,Home,Furniture,5,144.08,720.4,7,East
777,2023-09-08,Food,Dairy,4,249.04,996.16,22,South
778,2023-11-09,Food,Beverages,1,50.31,50.31,81,West
779,2023-04-22,Home,Tools,5,235.2,1176.0,169,South
780,2023-09-12,Food,Fruits,4,160.17,640.68,74,East
781,2023-10-30,Food,Beverages,3,412.97,1238.91,138,West
782,2023-07-26,Electronics,Tablet,1,37.92,37.92,185,East
783,2023-08-17,Home,Cookware,1,215.12,215.12,135,East
784,2023-12-07,Clothing,T-Shirt,3,234.63,703.89,125,North
785,2023-03-07,Electronics,Smartphone,3,365.25,1095.75,50,West
786,2023-03-16,Home,Bedding,1,291.4,291.4,52,South
787,2023-04-13,Electronics,Laptop,3,336.93,1010.79,161,East
788,2023-07-11,Clothing,Jacket,2,390.75,781.5,1,South
789,2023-09-09,Clothing,T-Shirt,4,432.48,1729.92,181,North
790,2023-08-14,Home,Decor,4,163.8,655.2,188,North
791,2023-10-21,Clothing,Dress,4,273.63,1094.52,162,West
792,2023-11-02,Electronics,Smartphone,2,421.65,843.3,4,North
793,2023-04-08,Clothing,T-Shirt,3,494.83,1484.49,145,North
794,2023-12-04,Electronics,Smartphone,5,445.86,2229.3,132,South
795,2023-10-13,Electronics,Laptop,3,192.02,576.06,171,North
796,2023-12-01,Clothing,Jeans,1,105.63,105.63,4,North
797,2023-12-13,Home,Bedding,4,249.8,999.2,1,East
798,2023-11-04,Food,Fruits,3,373.4,1120.2,71,North
799,2023-09-06,Clothing,Dress,5,251.36,1256.8,178,East
800,2023-06-15,Electronics,Tablet,1,246.76,246.76,189,North
801,2023-12-01,Electronics,Headphones,2,420.73,841.46,35,North
802,2023-01-30,Clothing,Jeans,2,187.09,374.18,8,West
803,2023-09-04,Home,Tools,5,431.3,2156.5,152,West
804,2023-04-16,Home,Tools,1,209.33,209.33,36,East
805,2023-02-20,Electronics,Tablet,4,170.83,683.32,178,North
806,2023-03-22,Electronics,Laptop,3,232.46,697.38,123,South
807,2023-05-13,Home,Furniture,1,383.6,383.6,43,West
808,2023-10-12,Food,Beverages,2,71.74,143.48,27,South
809,2023-05-18,Clothing,T-Shirt,5,106.25,531.25,32,West
810,2023-07-03,Electronics,Laptop,5,476.21,2381.05,78,West
811,2023-11-26,Electronics,Smartphone,3,95.99,287.97,121,North
812,2023-09-30,Home,Cookware,5,288.19,1440.95,146,West
813,2023-12-06,Clothing,Jacket,5,293.86,1469.3,156,South
814,2023-03-10,Home,Decor,1,249.92,249.92,157,West
815,2023-02-03,Clothing,Jeans,4,325.93,1303.72,16,East
816,2023-09-19,Clothing,T-Shirt,3,122.62,367.86,99,North
817,2023-02-22,Clothing,Jeans,1,280.8,280.8,47,North
818,2023-07-24,Electronics,Tablet,4,192.36,769.44,187,East
819,2023-05-06,Food,Bakery,1,334.22,334.22,31,East
820,2023-08-23,Home,Tools,1,79.2,79.2,4,East
821,2023-02-12,Food,Bakery,5,289.73,1448.65,165,West
822,2023-08-28,Home,Furniture,4,100.78,403.12,17,North
823,2023-04-21,Clothing,T-Shirt,3,146.54,439.62,39,East
824,2023-09-06,Electronics,Smartwatch,3,117.17,351.51,48,West
825,2023-05-31,Food,Dairy,4,99.59,398.36,174,East
826,2023-07-02,Electronics,Laptop,5,414.6,2073.0,176,South
827,2023-12-02,Home,Cookware,2,150.0,300.0,39,South
828,2023-04-05,Electronics,Tablet,1,464.29,464.29,132,North
829,2023-01-08,Electronics,Smartphone,5,485.26,2426.3,30,West
830,2023-12-26,Food,Beverages,4,289.92,1159.68,158,South
831,2023-07-03,Clothing,Shoes,1,80.07,80.07,22,South
832,2023-10-08,Electronics,Smartwatch,3,193.53,580.59,66,West
833,2023-07-14,Clothing,Shoes,2,400.89,801.78,108,East
834,2023-12-18,Home,Decor,3,190.02,570.06,12,West
835,2023-07-14,Electronics,Headphones,4,52.64,210.56,36,East
836,2023-06-04,Food,Dairy,1,282.82,282.82,18,South
837,2023-04-03,Home,Cookware,4,424.11,1696.44,90,South
838,2023-06-09,Home,Decor,1,400.0,400.0,181,South
839,2023-03-02,Food,Fruits,5,95.81,479.05,199,North
840,2023-05-02,Electronics,Smartwatch,2,339.65,679.3,1,North
841,2023-02-20,Electronics,Laptop,5,118.05,590.25,127,North
842,2023-10-04,Home,Bedding,5,116.92,584.6,186,West
843,2023-01-05,Electronics,Smartwatch,4,438.3,1753.2,90,South
844,2023-04-02,Clothing,Shoes,2,132.34,264.68,87,South
845,2023-06-19,Food,Bakery,1,138.99,138.99,90,West
846,2023-11-13,Clothing,Jacket,1,10.32,10.32,134,North
847,2023-01-22,Electronics,Laptop,3,436.63,1309.89,70,West
848,2023-11-22,Home,Furniture,1,398.37,398.37,44,North
849,2023-01-01,Food,Bakery,4,317.39,1269.56,200,South
850,2023-05-13,Electronics,Smartwatch,5,377.63,1888.15,152,East
851,2023-08-21,Electronics,Headphones,5,84.5,422.5,86,North
852,2023-01-12,Home,Tools,5,234.58,1172.9,19,South
853,2023-12-12,Home,Tools,2,182.1,364.2,101,South
854,2023-02-15,Clothing,T-Shirt,1,55.95,55.95,146,East
855,2023-02-03,Food,Dairy,4,248.2,992.8,95,South
856,2023-03-19,Food,Dairy,2,461.16,922.32,101,South
857,2023-08-06,Home,Tools,3,29.63,88.89,30,North
858,2023-10-28,Clothing,Dress,4,152.82,611.28,170,North
859,2023-03-14,Food,Snacks,4,111.7,446.8,33,East
860,2023-10-09,Home,Tools,4,126.69,506.76,12,East
861,2023-09-06,Electronics,Laptop,5,455.13,2275.65,118,South
862,2023-02-16,Food,Beverages,4,239.35,957.4,94,North
863,2023-05-01,Clothing,T-Shirt,1,238.49,238.49,155,East
864,2023-08-02,Clothing,Dress,4,382.68,1530.72,167,East
865,2023-08-27,Clothing,Shoes,5,85.7,428.5,137,West
866,2023-02-25,Electronics,Headphones,4,248.76,995.04,149,East
867,2023-12-16,Food,Snacks,3,220.69,662.07,76,South
868,2023-04-17,Food,Bakery,3,302.49,907.47,29,North
869,2023-11-15,Electronics,Headphones,5,499.78,2498.9,161,East
870,2023-02-17,Food,Beverages,1,387.03,387.03,190,West
871,2023-03-02,Electronics,Laptop,1,204.95,204.95,117,North
872,2023-12-03,Electronics,Headphones,2,415.5,831.0,15,East
873,2023-01-26,Electronics,Smartphone,5,93.65,468.25,2,West
874,2023-10-19,Clothing,Jeans,4,24.93,99.72,180,East
875,2023-09-14,Food,Fruits,5,110.18,550.9,117,North
876,2023-01-08,Electronics,Headphones,2,176.8,353.6,172,North
877,2023-04-23,Food,Dairy,5,260.18,1300.9,182,North
878,2023-12-21,Clothing,Jeans,5,311.41,1557.05,18,South
879,2023-09-10,Electronics,Smartphone,2,456.2,912.4,3,East
880,2023-06-29,Home,Tools,1,259.83,259.83,135,South
881,2023-07-26,Clothing,T-Shirt,4,255.63,1022.52,171,North
882,2023-10-30,Home,Decor,2,34.62,69.24,166,West
883,2023-05-07,Food,Bakery,3,27.11,81.33,165,East
884,2023-02-25,Food,Beverages,1,280.07,280.07,186,South
885,2023-08-02,Clothing,Jeans,3,224.71,674.13,161,East
886,2023-01-14,Food,Beverages,1,421.2,421.2,108,West
887,2023-01-28,Home,Decor,4,88.73,354.92,187,South
888,2023-03-19,Electronics,Smartphone,4,22.24,88.96,95,North
889,2023-08-04,Electronics,Smartphone,5,230.03,1150.15,122,South
890,2023-12-31,Electronics,Laptop,3,126.36,379.08,11,East
891,2023-06-03,Clothing,Shoes,1,34.31,34.31,68,East
892,2023-01-14,Food,Snacks,4,365.05,1460.2,123,East
893,2023-07-06,Home,Decor,2,64.68,129.36,196,East
894,2023-11-08,Food,Dairy,4,308.08,1232.32,113,North
895,2023-01-07,Food,Dairy,2,147.71,295.42,98,South
896,2023-01-03,Food,Dairy,1,95.01,95.01,93,North
897,2023-04-21,Electronics,Smartwatch,4,196.08,784.32,22,North
898,2023-08-26,Home,Bedding,4,402.71,1610.84,194,North
899,2023-12-29,Home,Decor,1,202.13,202.13,172,East
900,2023-08-27,Food,Fruits,4,377.88,1511.52,127,East
901,2023-10-01,Electronics,Tablet,2,71.49,142.98,134,East
902,2023-10-21,Electronics,Tablet,4,388.66,1554.64,170,South
903,2023-08-15,Home,Bedding,3,126.1,378.3,25,West
904,2023-01-15,Electronics,Headphones,5,341.92,1709.6,185,East
905,2023-07-11,Electronics,Laptop,2,287.23,574.46,85,South
906,2023-04-29,Electronics,Smartwatch,3,465.28,1395.84,55,East
907,2023-01-28,Clothing,Shoes,1,199.79,199.79,144,East
908,2023-07-21,Food,Fruits,2,42.42,84.84,95,North
909,2023-02-08,Home,Bedding,5,19.39,96.95,142,North
910,2023-09-30,Home,Decor,5,415.16,2075.8,167,North
911,2023-08-19,Clothing,Dress,1,267.12,267.12,156,South
912,2023-03-27,Food,Snacks,1,389.87,389.87,179,West
913,2023-05-06,Home,Tools,2,124.87,249.74,119,West
914,2023-10-27,Electronics,Tablet,4,179.09,716.36,177,South
915,2023-01-25,Home,Cookware,1,24.75,24.75,9,East
916,2023-05-25,Electronics,Tablet,4,481.13,1924.52,186,South
917,2023-01-13,Clothing,Shoes,3,337.26,1011.78,173,East
918,2023-07-31,Electronics,Headphones,5,467.27,2336.35,150,South
919,2023-01-25,Home,Tools,4,140.09,560.36,160,South
920,2023-03-09,Home,Bedding,5,309.62,1548.1,197,South
921,2023-03-08,Home,Decor,4,342.46,1369.84,197,West
922,2023-08-21,Clothing,Dress,3,165.6,496.8,42,North
923,2023-04-19,Clothing,Jeans,1,425.57,425.57,53,South
924,2023-05-26,Food,Beverages,3,474.11,1422.33,187,West
925,2023-04-21,Home,Furniture,1,443.58,443.58,74,North
926,2023-08-16,Electronics,Tablet,1,372.14,372.14,39,North
927,2023-04-21,Clothing,Dress,5,145.96,729.8,122,South
928,2023-02-03,Home,Furniture,3,147.99,443.97,15,East
929,2023-04-21,Home,Cookware,4,482.05,1928.2,199,East
930,2023-09-21,Clothing,Jacket,3,15.04,45.12,157,East
931,2023-08-24,Food,Fruits,5,360.86,1804.3,123,South
932,2023-03-24,Clothing,Dress,1,356.06,356.06,111,East
933,2023-02-11,Clothing,Jeans,5,315.12,1575.6,131,West
934,2023-04-11,Electronics,Smartwatch,2,495.15,990.3,83,West
935,2023-01-06,Electronics,Tablet,2,162.82,325.64,10,West
936,2023-06-29,Food,Dairy,4,176.59,706.36,92,West
937,2023-10-09,Home,Tools,5,48.68,243.4,29,North
938,2023-11-16,Clothing,Dress,4,226.97,907.88,35,West
939,2023-08-14,Food,Snacks,4,137.91,551.64,6,East
940,2023-11-11,Electronics,Smartphone,2,178.26,356.52,140,South
941,2023-12-31,Clothing,Jeans,4,418.94,1675.76,111,East
942,2023-08-17,Home,Decor,2,468.39,936.78,38,West
943,2023-10-16,Electronics,Smartphone,1,101.01,101.01,77,North
944,2023-05-30,Electronics,Headphones,5,192.53,962.65,93,West
945,2023-10-04,Electronics,Tablet,4,465.03,1860.12,147,South
946,2023-07-17,Food,Dairy,2,40.29,80.58,67,East
947,2023-03-11,Home,Furniture,3,55.26,165.78,136,South
948,2023-04-22,Clothing,T-Shirt,4,89.77,359.08,8,South
949,2023-01-04,Food,Bakery,1,301.65,301.65,122,South
950,2023-12-16,Food,Fruits,1,83.73,83.73,84,East
951,2023-11-27,Food,Snacks,3,484.36,1453.08,175,West
952,2023-11-14,Electronics,Smartphone,2,228.89,457.78,132,South
953,2023-12-16,Home,Decor,4,255.74,1022.96,179,East
954,2023-04-05,Food,Bakery,2,130.86,261.72,85,North
955,2023-06-01,Clothing,Jacket,1,240.77,240.77,195,East
956,2023-11-07,Home,Decor,2,334.34,668.68,45,North
957,2023-05-17,Clothing,Jacket,1,378.08,378.08,136,East
958,2023-09-04,Home,Cookware,2,379.4,758.8,87,West
959,2023-08-31,Clothing,Jeans,3,293.17,879.51,16,South
960,2023-01-31,Electronics,Smartwatch,5,453.14,2265.7,77,West
961,2023-02-09,Food,Snacks,3,410.53,1231.59,195,East
962,2023-08-17,Clothing,Dress,3,380.95,1142.85,9,South
963,2023-02-05,Home,Tools,5,37.25,186.25,60,North
964,2023-08-11,Food,Beverages,5,13.37,66.85,78,East
965,2023-01-06,Food,Beverages,4,114.1,456.4,77,South
966,2023-11-18,Home,Furniture,4,335.13,1340.52,71,North
967,2023-08-08,Clothing,Shoes,3,211.49,634.47,15,North
968,2023-03-16,Electronics,Headphones,3,207.18,621.54,71,West
969,2023-01-04,Electronics,Smartphone,1,443.45,443.45,102,East
970,2023-12-01,Clothing,Shoes,1,448.83,448.83,169,North
971,2023-05-14,Food,Snacks,4,455.5,1822.0,22,South
972,2023-04-28,Food,Dairy,4,163.8,655.2,152,North
973,2023-04-04,Food,Fruits,1,348.62,348.62,113,North
974,2023-03-03,Food,Dairy,1,143.1,143.1,172,West
975,2023-07-13,Clothing,Shoes,2,103.4,206.8,1,West
976,2023-12-01,Food,Dairy,2,100.47,200.94,10,South
977,2023-07-22,Home,Bedding,1,177.63,177.63,110,West
978,2023-01-26,Food,Dairy,2,220.68,441.36,200,North
979,2023-06-22,Electronics,Laptop,5,417.17,2085.85,184,North
980,2023-10-27,Food,Dairy,4,68.75,275.0,113,West
981,2023-05-13,Clothing,Shoes,4,370.11,1480.44,50,North
982,2023-11-22,Electronics,Smartwatch,1,270.41,270.41,12,North
983,2023-04-28,Clothing,Shoes,3,151.09,453.27,89,South
984,2023-11-20,Clothing,Dress,1,251.48,251.48,188,West
985,2023-10-02,Electronics,Smartphone,2,156.97,313.94,154,North
986,2023-07-31,Clothing,Shoes,3,302.08,906.24,112,West
987,2023-08-13,Clothing,Jeans,2,222.58,445.16,78,South
988,2023-01-20,Food,Fruits,5,90.56,452.8,169,West
989,2023-04-23,Home,Decor,2,67.13,134.26,164,North
990,2023-05-20,Clothing,Jeans,5,277.88,1389.4,121,West
991,2023-02-16,Clothing,Dress,5,452.18,2260.9,23,North
992,2023-01-01,Clothing,Jeans,2,178.54,357.08,171,North
993,2023-03-31,Food,Dairy,2,369.17,738.34,134,North
994,2023-05-22,Home,Cookware,5,332.74,1663.7,197,South
995,2023-11-16,Electronics,Smartphone,3,466.46,1399.38,171,West
996,2023-02-07,Food,Bakery,5,412.28,2061.4,25,South
997,2023-10-20,Food,Snacks,4,287.64,1150.56,18,West
998,2023-05-19,Home,Decor,5,331.94,1659.7,190,South
999,2023-12-22,Home,Decor,3,450.21,1350.63,141,East
1000,2023-11-29,Food,Bakery,4,205.76,823.04,43,North
